{
    "version": {
        "json_export": "187",
        "page_segmentation": "5",
        "schema": "1.1.0",
        "structure": "1.1036.0",
        "table_structure": "5"
    },
    "extended_metadata": {
        "ID_instance": "94 B7 BA A5 42 B7 B2 11 0A 00 67 45 8B 6B C6 23 ",
        "ID_permanent": "35 30 20 35 39 20 42 38 20 41 35 20 34 32 20 42 37 20 42 32 20 31 31 20 30 41 20 30 30 20 36 37 20 34 35 20 38 42 20 36 42 20 43 36 20 32 33 20 ",
        "pdf_version": "1.6",
        "pdfa_compliance_level": "",
        "is_encrypted": false,
        "has_acroform": false,
        "is_digitally_signed": false,
        "pdfua_compliance_level": "",
        "page_count": 2,
        "has_embedded_files": false,
        "is_certified": false,
        "is_XFA": false,
        "language": "en-US"
    },
    "elements": [
        {
            "Bounds": [
                76.72799682617188,
                734.4232025146484,
                171.43968200683594,
                743.8782348632812
            ],
            "ClipBounds": [
                76.72799682617188,
                734.4232025146484,
                171.43968200683594,
                743.8782348632812
            ],
            "Font": {
                "alt_family_name": "Arial",
                "embedded": true,
                "encoding": "WinAnsiEncoding",
                "family_name": "Arial",
                "font_type": "TrueType",
                "italic": false,
                "monospaced": false,
                "name": "PREQAE+Arial-BoldMT",
                "subset": true,
                "weight": 700
            },
            "HasClip": true,
            "Page": 0,
            "Path": "//Document/Sect/P/Sub",
            "Text": "NearBy Electronics ",
            "TextSize": 10.080001831054688,
            "attributes": {
                "Placement": "Block"
            }
        },
        {
            "Bounds": [
                76.72799682617188,
                721.1031951904297,
                214.52447509765625,
                730.5582427978516
            ],
            "ClipBounds": [
                76.72799682617188,
                721.1031951904297,
                214.52447509765625,
                730.5582427978516
            ],
            "Font": {
                "alt_family_name": "Arial",
                "embedded": true,
                "encoding": "WinAnsiEncoding",
                "family_name": "Arial MT",
                "font_type": "TrueType",
                "italic": false,
                "monospaced": false,
                "name": "YPSSWM+ArialMT",
                "subset": true,
                "weight": 400
            },
            "HasClip": true,
            "Page": 0,
            "Path": "//Document/Sect/P/Sub[2]",
            "Text": "3741 Glory Road, Jamestown, ",
            "TextSize": 10.080001831054688,
            "attributes": {
                "Placement": "Block"
            }
        },
        {
            "Bounds": [
                76.72799682617188,
                708.1132049560547,
                155.30166625976562,
                717.5682373046875
            ],
            "ClipBounds": [
                76.72799682617188,
                708.1132049560547,
                155.30166625976562,
                717.5682373046875
            ],
            "Font": {
                "alt_family_name": "Arial",
                "embedded": true,
                "encoding": "WinAnsiEncoding",
                "family_name": "Arial MT",
                "font_type": "TrueType",
                "italic": false,
                "monospaced": false,
                "name": "YPSSWM+ArialMT",
                "subset": true,
                "weight": 400
            },
            "HasClip": true,
            "Page": 0,
            "Path": "//Document/Sect/P/Sub[3]",
            "Text": "Tennessee, USA ",
            "TextSize": 10.080001831054688,
            "attributes": {
                "Placement": "Block"
            }
        },
        {
            "Bounds": [
                76.72799682617188,
                694.7931976318359,
                107.43167114257812,
                704.2482452392578
            ],
            "ClipBounds": [
                76.72799682617188,
                694.7931976318359,
                107.43167114257812,
                704.2482452392578
            ],
            "Font": {
                "alt_family_name": "Arial",
                "embedded": true,
                "encoding": "WinAnsiEncoding",
                "family_name": "Arial MT",
                "font_type": "TrueType",
                "italic": false,
                "monospaced": false,
                "name": "YPSSWM+ArialMT",
                "subset": true,
                "weight": 400
            },
            "HasClip": true,
            "Page": 0,
            "Path": "//Document/Sect/P/Sub[4]",
            "Text": "38556 ",
            "TextSize": 10.080001831054688,
            "attributes": {
                "Placement": "Block"
            }
        },
        {
            "Bounds": [
                364.17999267578125,
                721.1031951904297,
                543.1502380371094,
                730.5582427978516
            ],
            "ClipBounds": [
                364.17999267578125,
                721.1031951904297,
                543.1502380371094,
                730.5582427978516
            ],
            "Font": {
                "alt_family_name": "Arial",
                "embedded": true,
                "encoding": "WinAnsiEncoding",
                "family_name": "Arial",
                "font_type": "TrueType",
                "italic": false,
                "monospaced": false,
                "name": "PREQAE+Arial-BoldMT",
                "subset": true,
                "weight": 700
            },
            "HasClip": true,
            "Page": 0,
            "Path": "//Document/Sect/P[2]/Sub",
            "Text": "Invoice# GB37WFFO25512305525612 ",
            "TextSize": 10.080001831054688,
            "attributes": {
                "Placement": "Block"
            }
        },
        {
            "Bounds": [
                491.3300018310547,
                708.1132049560547,
                543.2117614746094,
                717.5682373046875
            ],
            "ClipBounds": [
                491.3300018310547,
                708.1132049560547,
                543.2117614746094,
                717.5682373046875
            ],
            "Font": {
                "alt_family_name": "Arial",
                "embedded": true,
                "encoding": "WinAnsiEncoding",
                "family_name": "Arial",
                "font_type": "TrueType",
                "italic": false,
                "monospaced": false,
                "name": "PREQAE+Arial-BoldMT",
                "subset": true,
                "weight": 700
            },
            "HasClip": true,
            "Page": 0,
            "Path": "//Document/Sect/P[2]/Sub[2]",
            "Text": "Issue date ",
            "TextSize": 10.080001831054688,
            "attributes": {
                "Placement": "Block"
            }
        },
        {
            "Bounds": [
                489.1699981689453,
                694.7931976318359,
                543.3080749511719,
                704.2482452392578
            ],
            "ClipBounds": [
                489.1699981689453,
                694.7931976318359,
                543.3080749511719,
                704.2482452392578
            ],
            "Font": {
                "alt_family_name": "Arial",
                "embedded": true,
                "encoding": "WinAnsiEncoding",
                "family_name": "Arial MT",
                "font_type": "TrueType",
                "italic": false,
                "monospaced": false,
                "name": "YPSSWM+ArialMT",
                "subset": true,
                "weight": 400
            },
            "HasClip": true,
            "Page": 0,
            "Path": "//Document/Sect/P[2]/Sub[3]",
            "Text": "12-05-2023 ",
            "TextSize": 10.080001831054688,
            "attributes": {
                "Placement": "Block"
            }
        },
        {
            "Bounds": [
                76.72799682617188,
                649.9085540771484,
                295.7052459716797,
                673.2309875488281
            ],
            "ClipBounds": [
                76.72799682617188,
                649.9085540771484,
                295.7052459716797,
                673.2309875488281
            ],
            "Font": {
                "alt_family_name": "Arial",
                "embedded": true,
                "encoding": "WinAnsiEncoding",
                "family_name": "Arial MT",
                "font_type": "TrueType",
                "italic": false,
                "monospaced": false,
                "name": "YPSSWM+ArialMT",
                "subset": true,
                "weight": 400
            },
            "HasClip": true,
            "Lang": "en",
            "Page": 0,
            "Path": "//Document/Sect/Title",
            "Text": "NearBy Electronics ",
            "TextSize": 24.863998413085938,
            "attributes": {
                "LineHeight": 29.875
            }
        },
        {
            "Bounds": [
                76.72799682617188,
                633.9331970214844,
                460.8868713378906,
                643.3882446289062
            ],
            "ClipBounds": [
                76.72799682617188,
                633.9331970214844,
                460.8868713378906,
                643.3882446289062
            ],
            "Font": {
                "alt_family_name": "Arial",
                "embedded": true,
                "encoding": "WinAnsiEncoding",
                "family_name": "Arial MT",
                "font_type": "TrueType",
                "italic": false,
                "monospaced": false,
                "name": "YPSSWM+ArialMT",
                "subset": true,
                "weight": 400
            },
            "HasClip": true,
            "Lang": "en",
            "Page": 0,
            "Path": "//Document/Sect/P[3]",
            "Text": "We are here to serve you better. Reach out to us in case of any concern or feedbacks. ",
            "TextSize": 10.080001831054688,
            "attributes": {
                "SpaceAfter": 18
            }
        },
        {
            "Bounds": [
                81.04800415039062,
                580.9832000732422,
                122.99087524414062,
                590.438232421875
            ],
            "ClipBounds": [
                81.04800415039062,
                580.9832000732422,
                122.99087524414062,
                590.438232421875
            ],
            "Font": {
                "alt_family_name": "Arial",
                "embedded": true,
                "encoding": "WinAnsiEncoding",
                "family_name": "Arial",
                "font_type": "TrueType",
                "italic": false,
                "monospaced": false,
                "name": "PREQAE+Arial-BoldMT",
                "subset": true,
                "weight": 700
            },
            "HasClip": true,
            "Lang": "en",
            "Page": 0,
            "Path": "//Document/Sect/P[4]",
            "Text": "BILL TO ",
            "TextSize": 10.080001831054688
        },
        {
            "Bounds": [
                81.04800415039062,
                567.6631927490234,
                146.4167938232422,
                577.1182403564453
            ],
            "ClipBounds": [
                81.04800415039062,
                567.6631927490234,
                146.4167938232422,
                577.1182403564453
            ],
            "Font": {
                "alt_family_name": "Arial",
                "embedded": true,
                "encoding": "WinAnsiEncoding",
                "family_name": "Arial MT",
                "font_type": "TrueType",
                "italic": false,
                "monospaced": false,
                "name": "YPSSWM+ArialMT",
                "subset": true,
                "weight": 400
            },
            "HasClip": true,
            "Page": 0,
            "Path": "//Document/Sect/P[5]/Sub",
            "Text": "Cary Zboncak ",
            "TextSize": 10.080001831054688,
            "attributes": {
                "Placement": "Block"
            }
        },
        {
            "Bounds": [
                81.04800415039062,
                554.6831970214844,
                201.92727661132812,
                564.1382446289062
            ],
            "ClipBounds": [
                81.04800415039062,
                554.6831970214844,
                201.92727661132812,
                564.1382446289062
            ],
            "Font": {
                "alt_family_name": "Arial",
                "embedded": true,
                "encoding": "WinAnsiEncoding",
                "family_name": "Arial MT",
                "font_type": "TrueType",
                "italic": false,
                "monospaced": false,
                "name": "YPSSWM+ArialMT",
                "subset": true,
                "weight": 400
            },
            "HasClip": true,
            "Page": 0,
            "Path": "//Document/Sect/P[5]/Sub[2]",
            "Text": "Cary.Zboncak@gmail.com ",
            "TextSize": 10.080001831054688,
            "attributes": {
                "Placement": "Block"
            }
        },
        {
            "Bounds": [
                81.04800415039062,
                541.3632049560547,
                146.34808349609375,
                550.8182373046875
            ],
            "ClipBounds": [
                81.04800415039062,
                541.3632049560547,
                146.34808349609375,
                550.8182373046875
            ],
            "Font": {
                "alt_family_name": "Arial",
                "embedded": true,
                "encoding": "WinAnsiEncoding",
                "family_name": "Arial MT",
                "font_type": "TrueType",
                "italic": false,
                "monospaced": false,
                "name": "YPSSWM+ArialMT",
                "subset": true,
                "weight": 400
            },
            "HasClip": true,
            "Page": 0,
            "Path": "//Document/Sect/P[5]/Sub[3]",
            "Text": "741-215-8162 ",
            "TextSize": 10.080001831054688,
            "attributes": {
                "Placement": "Block"
            }
        },
        {
            "Bounds": [
                81.04800415039062,
                528.0431976318359,
                169.43951416015625,
                537.4982452392578
            ],
            "ClipBounds": [
                81.04800415039062,
                528.0431976318359,
                169.43951416015625,
                537.4982452392578
            ],
            "Font": {
                "alt_family_name": "Arial",
                "embedded": true,
                "encoding": "WinAnsiEncoding",
                "family_name": "Arial MT",
                "font_type": "TrueType",
                "italic": false,
                "monospaced": false,
                "name": "YPSSWM+ArialMT",
                "subset": true,
                "weight": 400
            },
            "HasClip": true,
            "Page": 0,
            "Path": "//Document/Sect/P[5]/Sub[4]",
            "Text": "8236 O'Hara Glens ",
            "TextSize": 10.080001831054688,
            "attributes": {
                "Placement": "Block"
            }
        },
        {
            "Bounds": [
                81.04800415039062,
                514.7232055664062,
                152.75711059570312,
                524.1782379150391
            ],
            "ClipBounds": [
                81.04800415039062,
                514.7232055664062,
                152.75711059570312,
                524.1782379150391
            ],
            "Font": {
                "alt_family_name": "Arial",
                "embedded": true,
                "encoding": "WinAnsiEncoding",
                "family_name": "Arial MT",
                "font_type": "TrueType",
                "italic": false,
                "monospaced": false,
                "name": "YPSSWM+ArialMT",
                "subset": true,
                "weight": 400
            },
            "HasClip": true,
            "Page": 0,
            "Path": "//Document/Sect/P[5]/Sub[5]",
            "Text": "Moutsamoudou ",
            "TextSize": 10.080001831054688,
            "attributes": {
                "Placement": "Block"
            }
        },
        {
            "Bounds": [
                240.25999450683594,
                580.9832000732422,
                286.1240692138672,
                590.438232421875
            ],
            "ClipBounds": [
                240.25999450683594,
                580.9832000732422,
                286.1240692138672,
                590.438232421875
            ],
            "Font": {
                "alt_family_name": "Arial",
                "embedded": true,
                "encoding": "WinAnsiEncoding",
                "family_name": "Arial",
                "font_type": "TrueType",
                "italic": false,
                "monospaced": false,
                "name": "PREQAE+Arial-BoldMT",
                "subset": true,
                "weight": 700
            },
            "HasClip": true,
            "Lang": "en",
            "Page": 0,
            "Path": "//Document/Sect/P[6]",
            "Text": "DETAILS ",
            "TextSize": 10.080001831054688
        },
        {
            "Bounds": [
                240.25999450683594,
                567.6631927490234,
                281.0235137939453,
                577.1182403564453
            ],
            "ClipBounds": [
                240.25999450683594,
                567.6631927490234,
                281.0235137939453,
                577.1182403564453
            ],
            "Font": {
                "alt_family_name": "Arial",
                "embedded": true,
                "encoding": "WinAnsiEncoding",
                "family_name": "Arial MT",
                "font_type": "TrueType",
                "italic": false,
                "monospaced": false,
                "name": "YPSSWM+ArialMT",
                "subset": true,
                "weight": 400
            },
            "HasClip": true,
            "Lang": "en",
            "Page": 0,
            "Path": "//Document/Sect/P[7]",
            "Text": "ea culpa ",
            "TextSize": 10.080001831054688,
            "attributes": {
                "SpaceAfter": -12.125
            }
        },
        {
            "Bounds": [
                280.8824005126953,
                567.6631927490234,
                365.86688232421875,
                577.1182403564453
            ],
            "ClipBounds": [
                280.8824005126953,
                567.6631927490234,
                365.86688232421875,
                577.1182403564453
            ],
            "Font": {
                "alt_family_name": "Arial",
                "embedded": true,
                "encoding": "WinAnsiEncoding",
                "family_name": "Arial MT",
                "font_type": "TrueType",
                "italic": false,
                "monospaced": false,
                "name": "YPSSWM+ArialMT",
                "subset": true,
                "weight": 400
            },
            "HasClip": true,
            "Lang": "en",
            "Page": 0,
            "Path": "//Document/Sect/P[8]",
            "Text": "nostrud sint labore ",
            "TextSize": 10.080001831054688,
            "attributes": {
                "LineHeight": 12.125,
                "TextAlign": "Center"
            }
        },
        {
            "Bounds": [
                240.25999450683594,
                554.6831970214844,
                289.3697509765625,
                564.1382446289062
            ],
            "ClipBounds": [
                240.25999450683594,
                554.6831970214844,
                289.3697509765625,
                564.1382446289062
            ],
            "Font": {
                "alt_family_name": "Arial",
                "embedded": true,
                "encoding": "WinAnsiEncoding",
                "family_name": "Arial MT",
                "font_type": "TrueType",
                "italic": false,
                "monospaced": false,
                "name": "YPSSWM+ArialMT",
                "subset": true,
                "weight": 400
            },
            "HasClip": true,
            "Lang": "en",
            "Page": 0,
            "Path": "//Document/Sect/P[9]",
            "Text": "consequat ",
            "TextSize": 10.080001831054688
        },
        {
            "Bounds": [
                412.8000030517578,
                580.9832000732422,
                464.58103942871094,
                590.438232421875
            ],
            "ClipBounds": [
                412.8000030517578,
                580.9832000732422,
                464.58103942871094,
                590.438232421875
            ],
            "Font": {
                "alt_family_name": "Arial",
                "embedded": true,
                "encoding": "WinAnsiEncoding",
                "family_name": "Arial",
                "font_type": "TrueType",
                "italic": false,
                "monospaced": false,
                "name": "PREQAE+Arial-BoldMT",
                "subset": true,
                "weight": 700
            },
            "HasClip": true,
            "Lang": "en",
            "Page": 0,
            "Path": "//Document/Sect/P[10]",
            "Text": "PAYMENT ",
            "TextSize": 10.080001831054688
        },
        {
            "Bounds": [
                412.8000030517578,
                567.6631927490234,
                513.0480804443359,
                577.1182403564453
            ],
            "ClipBounds": [
                412.8000030517578,
                567.6631927490234,
                513.0480804443359,
                577.1182403564453
            ],
            "Font": {
                "alt_family_name": "Arial",
                "embedded": true,
                "encoding": "WinAnsiEncoding",
                "family_name": "Arial MT",
                "font_type": "TrueType",
                "italic": false,
                "monospaced": false,
                "name": "YPSSWM+ArialMT",
                "subset": true,
                "weight": 400
            },
            "HasClip": true,
            "Lang": "en",
            "Page": 0,
            "Path": "//Document/Sect/P[11]",
            "Text": "Due date: 25-06-2023 ",
            "TextSize": 10.080001831054688,
            "attributes": {
                "SpaceAfter": 18
            }
        },
        {
            "Bounds": [
                410.63999938964844,
                535.3764038085938,
                459.87107849121094,
                545.844482421875
            ],
            "ClipBounds": [
                410.63999938964844,
                535.3764038085938,
                459.87107849121094,
                545.844482421875
            ],
            "Font": {
                "alt_family_name": "Arial",
                "embedded": true,
                "encoding": "WinAnsiEncoding",
                "family_name": "Arial",
                "font_type": "TrueType",
                "italic": false,
                "monospaced": false,
                "name": "PREQAE+Arial-BoldMT",
                "subset": true,
                "weight": 700
            },
            "HasClip": true,
            "Lang": "en",
            "Page": 0,
            "Path": "//Document/Sect/Aside/P",
            "Text": "$13996.4 ",
            "TextSize": 11.160003662109375,
            "attributes": {
                "SpaceAfter": 18
            }
        },
        {
            "Bounds": [
                77.447998046875,
                443.033203125,
                530.1510314941406,
                452.4882354736328
            ],
            "ClipBounds": [
                77.447998046875,
                443.033203125,
                530.1510314941406,
                452.4882354736328
            ],
            "Page": 0,
            "Path": "//Document/Sect/Table",
            "attributes": {
                "BBox": [
                    71.5170999999973,
                    428.17499999998836,
                    540.9379999999946,
                    460.93299999999
                ],
                "NumCol": 4,
                "Placement": "Block",
                "SpaceAfter": 18
            }
        },
        {
            "Bounds": [
                77.447998046875,
                443.033203125,
                104.47239685058594,
                452.4882354736328
            ],
            "ClipBounds": [
                77.447998046875,
                443.033203125,
                104.47239685058594,
                452.4882354736328
            ],
            "Page": 0,
            "Path": "//Document/Sect/Table/TR/TD",
            "attributes": {
                "BBox": [
                    71.5170999999973,
                    427.33499999999185,
                    358.78499999998894,
                    460.93299999999
                ],
                "BlockAlign": "Middle",
                "BorderColor": [
                    [
                        0,
                        0,
                        0
                    ],
                    [
                        0.6235349999999755,
                        0.6235349999999755,
                        0.6235349999999755
                    ],
                    [
                        0,
                        0,
                        0
                    ],
                    [
                        0,
                        0,
                        0
                    ]
                ],
                "BorderStyle": "Solid",
                "BorderThickness": [
                    0.625,
                    0.875,
                    0.5,
                    0.25
                ],
                "ColIndex": 0,
                "Height": 33.625,
                "InlineAlign": "Start",
                "RowIndex": 0,
                "Width": 287.25
            }
        },
        {
            "Bounds": [
                77.447998046875,
                443.033203125,
                104.47239685058594,
                452.4882354736328
            ],
            "ClipBounds": [
                77.447998046875,
                443.033203125,
                104.47239685058594,
                452.4882354736328
            ],
            "Font": {
                "alt_family_name": "Arial",
                "embedded": true,
                "encoding": "WinAnsiEncoding",
                "family_name": "Arial",
                "font_type": "TrueType",
                "italic": false,
                "monospaced": false,
                "name": "PREQAE+Arial-BoldMT",
                "subset": true,
                "weight": 700
            },
            "HasClip": true,
            "Lang": "en",
            "Page": 0,
            "Path": "//Document/Sect/Table/TR/TD/P",
            "Text": "ITEM ",
            "TextSize": 10.080001831054688,
            "attributes": {
                "LineHeight": 12.125
            }
        },
        {
            "Bounds": [
                363.1000061035156,
                443.033203125,
                386.6570281982422,
                452.4882354736328
            ],
            "ClipBounds": [
                363.1000061035156,
                443.033203125,
                386.6570281982422,
                452.4882354736328
            ],
            "Page": 0,
            "Path": "//Document/Sect/Table/TR/TD[2]",
            "attributes": {
                "BBox": [
                    358.304999999993,
                    427.33499999999185,
                    415.6629999999859,
                    460.93299999999
                ],
                "BlockAlign": "Middle",
                "BorderColor": [
                    [
                        0,
                        0,
                        0
                    ],
                    [
                        0.6235349999999755,
                        0.6235349999999755,
                        0.6235349999999755
                    ],
                    [
                        0,
                        0,
                        0
                    ],
                    [
                        0,
                        0,
                        0
                    ]
                ],
                "BorderStyle": "Solid",
                "BorderThickness": [
                    0.625,
                    0.875,
                    0.25,
                    0.25
                ],
                "ColIndex": 1,
                "Height": 33.625,
                "InlineAlign": "Start",
                "RowIndex": 0,
                "Width": 57.375
            }
        },
        {
            "Bounds": [
                363.1000061035156,
                443.033203125,
                386.6570281982422,
                452.4882354736328
            ],
            "ClipBounds": [
                363.1000061035156,
                443.033203125,
                386.6570281982422,
                452.4882354736328
            ],
            "Font": {
                "alt_family_name": "Arial",
                "embedded": true,
                "encoding": "WinAnsiEncoding",
                "family_name": "Arial",
                "font_type": "TrueType",
                "italic": false,
                "monospaced": false,
                "name": "PREQAE+Arial-BoldMT",
                "subset": true,
                "weight": 700
            },
            "HasClip": true,
            "Lang": "en",
            "Page": 0,
            "Path": "//Document/Sect/Table/TR/TD[2]/P",
            "Text": "QTY ",
            "TextSize": 10.080001831054688,
            "attributes": {
                "LineHeight": 12.125
            }
        },
        {
            "Bounds": [
                420.3800048828125,
                443.033203125,
                450.7712707519531,
                452.4882354736328
            ],
            "ClipBounds": [
                420.3800048828125,
                443.033203125,
                450.7712707519531,
                452.4882354736328
            ],
            "Page": 0,
            "Path": "//Document/Sect/Table/TR/TD[3]",
            "attributes": {
                "BBox": [
                    415.18299999999,
                    427.33499999999185,
                    481.8999999999942,
                    460.93299999999
                ],
                "BlockAlign": "Middle",
                "BorderColor": [
                    [
                        0,
                        0,
                        0
                    ],
                    [
                        0.6235349999999755,
                        0.6235349999999755,
                        0.6235349999999755
                    ],
                    [
                        0,
                        0,
                        0
                    ],
                    [
                        0,
                        0,
                        0
                    ]
                ],
                "BorderStyle": "Solid",
                "BorderThickness": [
                    0.625,
                    0.875,
                    0.25,
                    0.25
                ],
                "ColIndex": 2,
                "Height": 33.625,
                "InlineAlign": "Start",
                "RowIndex": 0,
                "Width": 66.75
            }
        },
        {
            "Bounds": [
                420.3800048828125,
                443.033203125,
                450.7712707519531,
                452.4882354736328
            ],
            "ClipBounds": [
                420.3800048828125,
                443.033203125,
                450.7712707519531,
                452.4882354736328
            ],
            "Font": {
                "alt_family_name": "Arial",
                "embedded": true,
                "encoding": "WinAnsiEncoding",
                "family_name": "Arial",
                "font_type": "TrueType",
                "italic": false,
                "monospaced": false,
                "name": "PREQAE+Arial-BoldMT",
                "subset": true,
                "weight": 700
            },
            "HasClip": true,
            "Lang": "en",
            "Page": 0,
            "Path": "//Document/Sect/Table/TR/TD[3]/P",
            "Text": "RATE ",
            "TextSize": 10.080001831054688,
            "attributes": {
                "LineHeight": 12.125
            }
        },
        {
            "Bounds": [
                483.4100036621094,
                443.033203125,
                530.1510314941406,
                452.4882354736328
            ],
            "ClipBounds": [
                483.4100036621094,
                443.033203125,
                530.1510314941406,
                452.4882354736328
            ],
            "Page": 0,
            "Path": "//Document/Sect/Table/TR/TD[4]",
            "attributes": {
                "BBox": [
                    481.41999999999825,
                    427.33499999999185,
                    541.417999999976,
                    460.93299999999
                ],
                "BlockAlign": "Middle",
                "BorderColor": [
                    [
                        0,
                        0,
                        0
                    ],
                    [
                        0.6235349999999755,
                        0.6235349999999755,
                        0.6235349999999755
                    ],
                    [
                        0,
                        0,
                        0
                    ],
                    [
                        0,
                        0,
                        0
                    ]
                ],
                "BorderStyle": "Solid",
                "BorderThickness": [
                    0.625,
                    0.875,
                    0.25,
                    0.5
                ],
                "ColIndex": 3,
                "Height": 33.625,
                "InlineAlign": "Start",
                "RowIndex": 0,
                "Width": 60
            }
        },
        {
            "Bounds": [
                483.4100036621094,
                443.033203125,
                530.1510314941406,
                452.4882354736328
            ],
            "ClipBounds": [
                483.4100036621094,
                443.033203125,
                530.1510314941406,
                452.4882354736328
            ],
            "Font": {
                "alt_family_name": "Arial",
                "embedded": true,
                "encoding": "WinAnsiEncoding",
                "family_name": "Arial",
                "font_type": "TrueType",
                "italic": false,
                "monospaced": false,
                "name": "PREQAE+Arial-BoldMT",
                "subset": true,
                "weight": 700
            },
            "HasClip": true,
            "Lang": "en",
            "Page": 0,
            "Path": "//Document/Sect/Table/TR/TD[4]/P",
            "Text": "AMOUNT ",
            "TextSize": 10.080001831054688,
            "attributes": {
                "LineHeight": 12.125
            }
        },
        {
            "Bounds": [
                77.447998046875,
                273.4031982421875,
                517.7280731201172,
                416.8482360839844
            ],
            "ClipBounds": [
                77.447998046875,
                273.4031982421875,
                517.7280731201172,
                416.8482360839844
            ],
            "Page": 0,
            "Path": "//Document/Sect/Table[2]",
            "attributes": {
                "BBox": [
                    71.5170999999973,
                    256.2219999999943,
                    540.9379999999946,
                    424.9349999999977
                ],
                "NumCol": 4,
                "NumRow": 5,
                "Placement": "Block",
                "SpaceAfter": 18
            }
        },
        {
            "Bounds": [
                77.447998046875,
                407.39320373535156,
                198.05519104003906,
                416.8482360839844
            ],
            "ClipBounds": [
                77.447998046875,
                407.39320373535156,
                198.05519104003906,
                416.8482360839844
            ],
            "Page": 0,
            "Path": "//Document/Sect/Table[2]/TR/TD",
            "attributes": {
                "BBox": [
                    71.5170999999973,
                    390.7359999999899,
                    358.0649999999878,
                    424.9349999999977
                ],
                "BlockAlign": "Before",
                "BorderColor": [
                    0,
                    0,
                    0
                ],
                "BorderStyle": "Solid",
                "BorderThickness": [
                    0.625,
                    0.25,
                    0.5,
                    0.25
                ],
                "ColIndex": 0,
                "Height": 34.25,
                "InlineAlign": "Start",
                "RowIndex": 0,
                "Width": 286.375
            }
        },
        {
            "Bounds": [
                77.447998046875,
                407.39320373535156,
                198.05519104003906,
                416.8482360839844
            ],
            "ClipBounds": [
                77.447998046875,
                407.39320373535156,
                198.05519104003906,
                416.8482360839844
            ],
            "Font": {
                "alt_family_name": "Arial",
                "embedded": true,
                "encoding": "WinAnsiEncoding",
                "family_name": "Arial MT",
                "font_type": "TrueType",
                "italic": false,
                "monospaced": false,
                "name": "YPSSWM+ArialMT",
                "subset": true,
                "weight": 400
            },
            "HasClip": true,
            "Lang": "en",
            "Page": 0,
            "Path": "//Document/Sect/Table[2]/TR/TD/P",
            "Text": "Incredible Rubber Chicken ",
            "TextSize": 10.080001831054688,
            "attributes": {
                "LineHeight": 12.125
            }
        },
        {
            "Bounds": [
                363.82000732421875,
                407.39320373535156,
                378.3000030517578,
                416.8482360839844
            ],
            "ClipBounds": [
                363.82000732421875,
                407.39320373535156,
                378.3000030517578,
                416.8482360839844
            ],
            "Page": 0,
            "Path": "//Document/Sect/Table[2]/TR/TD[2]",
            "attributes": {
                "BBox": [
                    357.58499999999185,
                    390.7359999999899,
                    414.22299999999814,
                    424.9349999999977
                ],
                "BlockAlign": "Before",
                "BorderColor": [
                    0,
                    0,
                    0
                ],
                "BorderStyle": "Solid",
                "BorderThickness": [
                    0.625,
                    0.25,
                    0.25,
                    0.25
                ],
                "ColIndex": 1,
                "Height": 34.25,
                "InlineAlign": "Start",
                "RowIndex": 0,
                "Width": 56.625
            }
        },
        {
            "Bounds": [
                363.82000732421875,
                407.39320373535156,
                378.3000030517578,
                416.8482360839844
            ],
            "ClipBounds": [
                363.82000732421875,
                407.39320373535156,
                378.3000030517578,
                416.8482360839844
            ],
            "Font": {
                "alt_family_name": "Arial",
                "embedded": true,
                "encoding": "WinAnsiEncoding",
                "family_name": "Arial MT",
                "font_type": "TrueType",
                "italic": false,
                "monospaced": false,
                "name": "YPSSWM+ArialMT",
                "subset": true,
                "weight": 400
            },
            "HasClip": true,
            "Lang": "en",
            "Page": 0,
            "Path": "//Document/Sect/Table[2]/TR/TD[2]/P",
            "Text": "16 ",
            "TextSize": 10.080001831054688,
            "attributes": {
                "LineHeight": 12.125
            }
        },
        {
            "Bounds": [
                420.3800048828125,
                407.39320373535156,
                434.86000061035156,
                416.8482360839844
            ],
            "ClipBounds": [
                420.3800048828125,
                407.39320373535156,
                434.86000061035156,
                416.8482360839844
            ],
            "Page": 0,
            "Path": "//Document/Sect/Table[2]/TR/TD[3]",
            "attributes": {
                "BBox": [
                    413.74299999998766,
                    390.7359999999899,
                    481.8999999999942,
                    424.9349999999977
                ],
                "BlockAlign": "Before",
                "BorderColor": [
                    0,
                    0,
                    0
                ],
                "BorderStyle": "Solid",
                "BorderThickness": [
                    0.625,
                    0.25,
                    0.25,
                    0.25
                ],
                "ColIndex": 2,
                "Height": 34.25,
                "InlineAlign": "Start",
                "RowIndex": 0,
                "Width": 68.125
            }
        },
        {
            "Bounds": [
                420.3800048828125,
                407.39320373535156,
                434.86000061035156,
                416.8482360839844
            ],
            "ClipBounds": [
                420.3800048828125,
                407.39320373535156,
                434.86000061035156,
                416.8482360839844
            ],
            "Font": {
                "alt_family_name": "Arial",
                "embedded": true,
                "encoding": "WinAnsiEncoding",
                "family_name": "Arial MT",
                "font_type": "TrueType",
                "italic": false,
                "monospaced": false,
                "name": "YPSSWM+ArialMT",
                "subset": true,
                "weight": 400
            },
            "HasClip": true,
            "Lang": "en",
            "Page": 0,
            "Path": "//Document/Sect/Table[2]/TR/TD[3]/P",
            "Text": "41 ",
            "TextSize": 10.080001831054688,
            "attributes": {
                "LineHeight": 12.125
            }
        },
        {
            "Bounds": [
                487.00999450683594,
                407.39320373535156,
                512.3251953125,
                416.8482360839844
            ],
            "ClipBounds": [
                487.00999450683594,
                407.39320373535156,
                512.3251953125,
                416.8482360839844
            ],
            "Page": 0,
            "Path": "//Document/Sect/Table[2]/TR/TD[4]",
            "attributes": {
                "BBox": [
                    481.41999999999825,
                    390.7359999999899,
                    541.417999999976,
                    424.9349999999977
                ],
                "BlockAlign": "Before",
                "BorderColor": [
                    0,
                    0,
                    0
                ],
                "BorderStyle": "Solid",
                "BorderThickness": [
                    0.625,
                    0.25,
                    0.25,
                    0.5
                ],
                "ColIndex": 3,
                "Height": 34.25,
                "InlineAlign": "Start",
                "RowIndex": 0,
                "Width": 60
            }
        },
        {
            "Bounds": [
                487.00999450683594,
                407.39320373535156,
                512.3251953125,
                416.8482360839844
            ],
            "ClipBounds": [
                487.00999450683594,
                407.39320373535156,
                512.3251953125,
                416.8482360839844
            ],
            "Font": {
                "alt_family_name": "Arial",
                "embedded": true,
                "encoding": "WinAnsiEncoding",
                "family_name": "Arial MT",
                "font_type": "TrueType",
                "italic": false,
                "monospaced": false,
                "name": "YPSSWM+ArialMT",
                "subset": true,
                "weight": 400
            },
            "HasClip": true,
            "Lang": "en",
            "Page": 0,
            "Path": "//Document/Sect/Table[2]/TR/TD[4]/P",
            "Text": "$656 ",
            "TextSize": 10.080001831054688,
            "attributes": {
                "LineHeight": 12.125
            }
        },
        {
            "Bounds": [
                77.447998046875,
                373.89320373535156,
                169.79087829589844,
                383.3482360839844
            ],
            "ClipBounds": [
                77.447998046875,
                373.89320373535156,
                169.79087829589844,
                383.3482360839844
            ],
            "Page": 0,
            "Path": "//Document/Sect/Table[2]/TR[2]/TD",
            "attributes": {
                "BBox": [
                    71.5170999999973,
                    357.61799999998766,
                    358.0649999999878,
                    391.2159999999858
                ],
                "BlockAlign": "Middle",
                "BorderColor": [
                    0,
                    0,
                    0
                ],
                "BorderStyle": "Solid",
                "BorderThickness": [
                    0.25,
                    0.25,
                    0.5,
                    0.25
                ],
                "ColIndex": 0,
                "Height": 33.625,
                "InlineAlign": "Start",
                "RowIndex": 1,
                "Width": 286.375
            }
        },
        {
            "Bounds": [
                77.447998046875,
                373.89320373535156,
                169.79087829589844,
                383.3482360839844
            ],
            "ClipBounds": [
                77.447998046875,
                373.89320373535156,
                169.79087829589844,
                383.3482360839844
            ],
            "Font": {
                "alt_family_name": "Arial",
                "embedded": true,
                "encoding": "WinAnsiEncoding",
                "family_name": "Arial MT",
                "font_type": "TrueType",
                "italic": false,
                "monospaced": false,
                "name": "YPSSWM+ArialMT",
                "subset": true,
                "weight": 400
            },
            "HasClip": true,
            "Lang": "en",
            "Page": 0,
            "Path": "//Document/Sect/Table[2]/TR[2]/TD/P",
            "Text": "Rustic Metal Towels ",
            "TextSize": 10.080001831054688,
            "attributes": {
                "LineHeight": 12.125
            }
        },
        {
            "Bounds": [
                363.82000732421875,
                373.89320373535156,
                378.3000030517578,
                383.3482360839844
            ],
            "ClipBounds": [
                363.82000732421875,
                373.89320373535156,
                378.3000030517578,
                383.3482360839844
            ],
            "Page": 0,
            "Path": "//Document/Sect/Table[2]/TR[2]/TD[2]",
            "attributes": {
                "BBox": [
                    357.58499999999185,
                    357.61799999998766,
                    414.22299999999814,
                    391.2159999999858
                ],
                "BlockAlign": "Middle",
                "BorderColor": [
                    0,
                    0,
                    0
                ],
                "BorderStyle": "Solid",
                "BorderThickness": 0.25,
                "ColIndex": 1,
                "Height": 33.625,
                "InlineAlign": "Start",
                "RowIndex": 1,
                "Width": 56.625
            }
        },
        {
            "Bounds": [
                363.82000732421875,
                373.89320373535156,
                378.3000030517578,
                383.3482360839844
            ],
            "ClipBounds": [
                363.82000732421875,
                373.89320373535156,
                378.3000030517578,
                383.3482360839844
            ],
            "Font": {
                "alt_family_name": "Arial",
                "embedded": true,
                "encoding": "WinAnsiEncoding",
                "family_name": "Arial MT",
                "font_type": "TrueType",
                "italic": false,
                "monospaced": false,
                "name": "YPSSWM+ArialMT",
                "subset": true,
                "weight": 400
            },
            "HasClip": true,
            "Lang": "en",
            "Page": 0,
            "Path": "//Document/Sect/Table[2]/TR[2]/TD[2]/P",
            "Text": "81 ",
            "TextSize": 10.080001831054688,
            "attributes": {
                "LineHeight": 12.125
            }
        },
        {
            "Bounds": [
                420.3800048828125,
                373.89320373535156,
                434.86000061035156,
                383.3482360839844
            ],
            "ClipBounds": [
                420.3800048828125,
                373.89320373535156,
                434.86000061035156,
                383.3482360839844
            ],
            "Page": 0,
            "Path": "//Document/Sect/Table[2]/TR[2]/TD[3]",
            "attributes": {
                "BBox": [
                    413.74299999998766,
                    357.61799999998766,
                    481.8999999999942,
                    391.2159999999858
                ],
                "BlockAlign": "Middle",
                "BorderColor": [
                    0,
                    0,
                    0
                ],
                "BorderStyle": "Solid",
                "BorderThickness": 0.25,
                "ColIndex": 2,
                "Height": 33.625,
                "InlineAlign": "Start",
                "RowIndex": 1,
                "Width": 68.125
            }
        },
        {
            "Bounds": [
                420.3800048828125,
                373.89320373535156,
                434.86000061035156,
                383.3482360839844
            ],
            "ClipBounds": [
                420.3800048828125,
                373.89320373535156,
                434.86000061035156,
                383.3482360839844
            ],
            "Font": {
                "alt_family_name": "Arial",
                "embedded": true,
                "encoding": "WinAnsiEncoding",
                "family_name": "Arial MT",
                "font_type": "TrueType",
                "italic": false,
                "monospaced": false,
                "name": "YPSSWM+ArialMT",
                "subset": true,
                "weight": 400
            },
            "HasClip": true,
            "Lang": "en",
            "Page": 0,
            "Path": "//Document/Sect/Table[2]/TR[2]/TD[3]/P",
            "Text": "38 ",
            "TextSize": 10.080001831054688,
            "attributes": {
                "LineHeight": 12.125
            }
        },
        {
            "Bounds": [
                487.00999450683594,
                373.89320373535156,
                517.7280731201172,
                383.3482360839844
            ],
            "ClipBounds": [
                487.00999450683594,
                373.89320373535156,
                517.7280731201172,
                383.3482360839844
            ],
            "Page": 0,
            "Path": "//Document/Sect/Table[2]/TR[2]/TD[4]",
            "attributes": {
                "BBox": [
                    481.41999999999825,
                    357.61799999998766,
                    541.417999999976,
                    391.2159999999858
                ],
                "BlockAlign": "Middle",
                "BorderColor": [
                    0,
                    0,
                    0
                ],
                "BorderStyle": "Solid",
                "BorderThickness": [
                    0.25,
                    0.25,
                    0.25,
                    0.5
                ],
                "ColIndex": 3,
                "Height": 33.625,
                "InlineAlign": "Start",
                "RowIndex": 1,
                "Width": 60
            }
        },
        {
            "Bounds": [
                487.00999450683594,
                373.89320373535156,
                517.7280731201172,
                383.3482360839844
            ],
            "ClipBounds": [
                487.00999450683594,
                373.89320373535156,
                517.7280731201172,
                383.3482360839844
            ],
            "Font": {
                "alt_family_name": "Arial",
                "embedded": true,
                "encoding": "WinAnsiEncoding",
                "family_name": "Arial MT",
                "font_type": "TrueType",
                "italic": false,
                "monospaced": false,
                "name": "YPSSWM+ArialMT",
                "subset": true,
                "weight": 400
            },
            "HasClip": true,
            "Lang": "en",
            "Page": 0,
            "Path": "//Document/Sect/Table[2]/TR[2]/TD[4]/P",
            "Text": "$3078 ",
            "TextSize": 10.080001831054688,
            "attributes": {
                "LineHeight": 12.125
            }
        },
        {
            "Bounds": [
                77.447998046875,
                340.38319396972656,
                192.8841552734375,
                349.83824157714844
            ],
            "ClipBounds": [
                77.447998046875,
                340.38319396972656,
                192.8841552734375,
                349.83824157714844
            ],
            "Page": 0,
            "Path": "//Document/Sect/Table[2]/TR[3]/TD",
            "attributes": {
                "BBox": [
                    71.5170999999973,
                    322.33899999999267,
                    358.0649999999878,
                    358.09799999999814
                ],
                "BlockAlign": "Before",
                "BorderColor": [
                    0,
                    0,
                    0
                ],
                "BorderStyle": "Solid",
                "BorderThickness": [
                    0.25,
                    0.25,
                    0.5,
                    0.25
                ],
                "ColIndex": 0,
                "Height": 35.75,
                "InlineAlign": "Start",
                "RowIndex": 2,
                "Width": 286.375
            }
        },
        {
            "Bounds": [
                77.447998046875,
                340.38319396972656,
                192.8841552734375,
                349.83824157714844
            ],
            "ClipBounds": [
                77.447998046875,
                340.38319396972656,
                192.8841552734375,
                349.83824157714844
            ],
            "Font": {
                "alt_family_name": "Arial",
                "embedded": true,
                "encoding": "WinAnsiEncoding",
                "family_name": "Arial MT",
                "font_type": "TrueType",
                "italic": false,
                "monospaced": false,
                "name": "YPSSWM+ArialMT",
                "subset": true,
                "weight": 400
            },
            "HasClip": true,
            "Lang": "en",
            "Page": 0,
            "Path": "//Document/Sect/Table[2]/TR[3]/TD/P",
            "Text": "Unbranded Concrete Ball ",
            "TextSize": 10.080001831054688,
            "attributes": {
                "LineHeight": 12.125
            }
        },
        {
            "Bounds": [
                363.82000732421875,
                340.38319396972656,
                383.3751983642578,
                349.83824157714844
            ],
            "ClipBounds": [
                363.82000732421875,
                340.38319396972656,
                383.3751983642578,
                349.83824157714844
            ],
            "Page": 0,
            "Path": "//Document/Sect/Table[2]/TR[3]/TD[2]",
            "attributes": {
                "BBox": [
                    357.58499999999185,
                    322.33899999999267,
                    414.22299999999814,
                    358.09799999999814
                ],
                "BlockAlign": "Before",
                "BorderColor": [
                    0,
                    0,
                    0
                ],
                "BorderStyle": "Solid",
                "BorderThickness": 0.25,
                "ColIndex": 1,
                "Height": 35.75,
                "InlineAlign": "Start",
                "RowIndex": 2,
                "Width": 56.625
            }
        },
        {
            "Bounds": [
                363.82000732421875,
                340.38319396972656,
                383.3751983642578,
                349.83824157714844
            ],
            "ClipBounds": [
                363.82000732421875,
                340.38319396972656,
                383.3751983642578,
                349.83824157714844
            ],
            "Font": {
                "alt_family_name": "Arial",
                "embedded": true,
                "encoding": "WinAnsiEncoding",
                "family_name": "Arial MT",
                "font_type": "TrueType",
                "italic": false,
                "monospaced": false,
                "name": "YPSSWM+ArialMT",
                "subset": true,
                "weight": 400
            },
            "HasClip": true,
            "Lang": "en",
            "Page": 0,
            "Path": "//Document/Sect/Table[2]/TR[3]/TD[2]/P",
            "Text": "124 ",
            "TextSize": 10.080001831054688,
            "attributes": {
                "LineHeight": 12.125
            }
        },
        {
            "Bounds": [
                420.3800048828125,
                340.38319396972656,
                434.86000061035156,
                349.83824157714844
            ],
            "ClipBounds": [
                420.3800048828125,
                340.38319396972656,
                434.86000061035156,
                349.83824157714844
            ],
            "Page": 0,
            "Path": "//Document/Sect/Table[2]/TR[3]/TD[3]",
            "attributes": {
                "BBox": [
                    413.74299999998766,
                    322.33899999999267,
                    481.8999999999942,
                    358.09799999999814
                ],
                "BlockAlign": "Before",
                "BorderColor": [
                    0,
                    0,
                    0
                ],
                "BorderStyle": "Solid",
                "BorderThickness": 0.25,
                "ColIndex": 2,
                "Height": 35.75,
                "InlineAlign": "Start",
                "RowIndex": 2,
                "Width": 68.125
            }
        },
        {
            "Bounds": [
                420.3800048828125,
                340.38319396972656,
                434.86000061035156,
                349.83824157714844
            ],
            "ClipBounds": [
                420.3800048828125,
                340.38319396972656,
                434.86000061035156,
                349.83824157714844
            ],
            "Font": {
                "alt_family_name": "Arial",
                "embedded": true,
                "encoding": "WinAnsiEncoding",
                "family_name": "Arial MT",
                "font_type": "TrueType",
                "italic": false,
                "monospaced": false,
                "name": "YPSSWM+ArialMT",
                "subset": true,
                "weight": 400
            },
            "HasClip": true,
            "Lang": "en",
            "Page": 0,
            "Path": "//Document/Sect/Table[2]/TR[3]/TD[3]/P",
            "Text": "15 ",
            "TextSize": 10.080001831054688,
            "attributes": {
                "LineHeight": 12.125
            }
        },
        {
            "Bounds": [
                487.00999450683594,
                340.38319396972656,
                517.7280731201172,
                349.83824157714844
            ],
            "ClipBounds": [
                487.00999450683594,
                340.38319396972656,
                517.7280731201172,
                349.83824157714844
            ],
            "Page": 0,
            "Path": "//Document/Sect/Table[2]/TR[3]/TD[4]",
            "attributes": {
                "BBox": [
                    481.41999999999825,
                    322.33899999999267,
                    541.417999999976,
                    358.09799999999814
                ],
                "BlockAlign": "Before",
                "BorderColor": [
                    0,
                    0,
                    0
                ],
                "BorderStyle": "Solid",
                "BorderThickness": [
                    0.25,
                    0.25,
                    0.25,
                    0.5
                ],
                "ColIndex": 3,
                "Height": 35.75,
                "InlineAlign": "Start",
                "RowIndex": 2,
                "Width": 60
            }
        },
        {
            "Bounds": [
                487.00999450683594,
                340.38319396972656,
                517.7280731201172,
                349.83824157714844
            ],
            "ClipBounds": [
                487.00999450683594,
                340.38319396972656,
                517.7280731201172,
                349.83824157714844
            ],
            "Font": {
                "alt_family_name": "Arial",
                "embedded": true,
                "encoding": "WinAnsiEncoding",
                "family_name": "Arial MT",
                "font_type": "TrueType",
                "italic": false,
                "monospaced": false,
                "name": "YPSSWM+ArialMT",
                "subset": true,
                "weight": 400
            },
            "HasClip": true,
            "Lang": "en",
            "Page": 0,
            "Path": "//Document/Sect/Table[2]/TR[3]/TD[4]/P",
            "Text": "$1860 ",
            "TextSize": 10.080001831054688,
            "attributes": {
                "LineHeight": 12.125
            }
        },
        {
            "Bounds": [
                77.447998046875,
                306.9031982421875,
                206.48208618164062,
                316.3582458496094
            ],
            "ClipBounds": [
                77.447998046875,
                306.9031982421875,
                206.48208618164062,
                316.3582458496094
            ],
            "Page": 0,
            "Path": "//Document/Sect/Table[2]/TR[4]/TD",
            "attributes": {
                "BBox": [
                    71.5170999999973,
                    289.2199999999866,
                    358.0649999999878,
                    322.8189999999886
                ],
                "BlockAlign": "Before",
                "BorderColor": [
                    0,
                    0,
                    0
                ],
                "BorderStyle": "Solid",
                "BorderThickness": [
                    0.25,
                    0.25,
                    0.5,
                    0.25
                ],
                "ColIndex": 0,
                "Height": 33.625,
                "InlineAlign": "Start",
                "RowIndex": 3,
                "Width": 286.375
            }
        },
        {
            "Bounds": [
                77.447998046875,
                306.9031982421875,
                206.48208618164062,
                316.3582458496094
            ],
            "ClipBounds": [
                77.447998046875,
                306.9031982421875,
                206.48208618164062,
                316.3582458496094
            ],
            "Font": {
                "alt_family_name": "Arial",
                "embedded": true,
                "encoding": "WinAnsiEncoding",
                "family_name": "Arial MT",
                "font_type": "TrueType",
                "italic": false,
                "monospaced": false,
                "name": "YPSSWM+ArialMT",
                "subset": true,
                "weight": 400
            },
            "HasClip": true,
            "Lang": "en",
            "Page": 0,
            "Path": "//Document/Sect/Table[2]/TR[4]/TD/P",
            "Text": "Incredible Rubber Sausages ",
            "TextSize": 10.080001831054688,
            "attributes": {
                "LineHeight": 12.125
            }
        },
        {
            "Bounds": [
                363.82000732421875,
                306.9031982421875,
                378.3000030517578,
                316.3582458496094
            ],
            "ClipBounds": [
                363.82000732421875,
                306.9031982421875,
                378.3000030517578,
                316.3582458496094
            ],
            "Page": 0,
            "Path": "//Document/Sect/Table[2]/TR[4]/TD[2]",
            "attributes": {
                "BBox": [
                    357.58499999999185,
                    289.2199999999866,
                    414.22299999999814,
                    322.8189999999886
                ],
                "BlockAlign": "Before",
                "BorderColor": [
                    0,
                    0,
                    0
                ],
                "BorderStyle": "Solid",
                "BorderThickness": 0.25,
                "ColIndex": 1,
                "Height": 33.625,
                "InlineAlign": "Start",
                "RowIndex": 3,
                "Width": 56.625
            }
        },
        {
            "Bounds": [
                363.82000732421875,
                306.9031982421875,
                378.3000030517578,
                316.3582458496094
            ],
            "ClipBounds": [
                363.82000732421875,
                306.9031982421875,
                378.3000030517578,
                316.3582458496094
            ],
            "Font": {
                "alt_family_name": "Arial",
                "embedded": true,
                "encoding": "WinAnsiEncoding",
                "family_name": "Arial MT",
                "font_type": "TrueType",
                "italic": false,
                "monospaced": false,
                "name": "YPSSWM+ArialMT",
                "subset": true,
                "weight": 400
            },
            "HasClip": true,
            "Lang": "en",
            "Page": 0,
            "Path": "//Document/Sect/Table[2]/TR[4]/TD[2]/P",
            "Text": "62 ",
            "TextSize": 10.080001831054688,
            "attributes": {
                "LineHeight": 12.125
            }
        },
        {
            "Bounds": [
                420.3800048828125,
                306.9031982421875,
                434.86000061035156,
                316.3582458496094
            ],
            "ClipBounds": [
                420.3800048828125,
                306.9031982421875,
                434.86000061035156,
                316.3582458496094
            ],
            "Page": 0,
            "Path": "//Document/Sect/Table[2]/TR[4]/TD[3]",
            "attributes": {
                "BBox": [
                    413.74299999998766,
                    289.2199999999866,
                    481.8999999999942,
                    322.8189999999886
                ],
                "BlockAlign": "Before",
                "BorderColor": [
                    0,
                    0,
                    0
                ],
                "BorderStyle": "Solid",
                "BorderThickness": 0.25,
                "ColIndex": 2,
                "Height": 33.625,
                "InlineAlign": "Start",
                "RowIndex": 3,
                "Width": 68.125
            }
        },
        {
            "Bounds": [
                420.3800048828125,
                306.9031982421875,
                434.86000061035156,
                316.3582458496094
            ],
            "ClipBounds": [
                420.3800048828125,
                306.9031982421875,
                434.86000061035156,
                316.3582458496094
            ],
            "Font": {
                "alt_family_name": "Arial",
                "embedded": true,
                "encoding": "WinAnsiEncoding",
                "family_name": "Arial MT",
                "font_type": "TrueType",
                "italic": false,
                "monospaced": false,
                "name": "YPSSWM+ArialMT",
                "subset": true,
                "weight": 400
            },
            "HasClip": true,
            "Lang": "en",
            "Page": 0,
            "Path": "//Document/Sect/Table[2]/TR[4]/TD[3]/P",
            "Text": "82 ",
            "TextSize": 10.080001831054688,
            "attributes": {
                "LineHeight": 12.125
            }
        },
        {
            "Bounds": [
                487.00999450683594,
                306.9031982421875,
                517.7280731201172,
                316.3582458496094
            ],
            "ClipBounds": [
                487.00999450683594,
                306.9031982421875,
                517.7280731201172,
                316.3582458496094
            ],
            "Page": 0,
            "Path": "//Document/Sect/Table[2]/TR[4]/TD[4]",
            "attributes": {
                "BBox": [
                    481.41999999999825,
                    289.2199999999866,
                    541.417999999976,
                    322.8189999999886
                ],
                "BlockAlign": "Before",
                "BorderColor": [
                    0,
                    0,
                    0
                ],
                "BorderStyle": "Solid",
                "BorderThickness": [
                    0.25,
                    0.25,
                    0.25,
                    0.5
                ],
                "ColIndex": 3,
                "Height": 33.625,
                "InlineAlign": "Start",
                "RowIndex": 3,
                "Width": 60
            }
        },
        {
            "Bounds": [
                487.00999450683594,
                306.9031982421875,
                517.7280731201172,
                316.3582458496094
            ],
            "ClipBounds": [
                487.00999450683594,
                306.9031982421875,
                517.7280731201172,
                316.3582458496094
            ],
            "Font": {
                "alt_family_name": "Arial",
                "embedded": true,
                "encoding": "WinAnsiEncoding",
                "family_name": "Arial MT",
                "font_type": "TrueType",
                "italic": false,
                "monospaced": false,
                "name": "YPSSWM+ArialMT",
                "subset": true,
                "weight": 400
            },
            "HasClip": true,
            "Lang": "en",
            "Page": 0,
            "Path": "//Document/Sect/Table[2]/TR[4]/TD[4]/P",
            "Text": "$5084 ",
            "TextSize": 10.080001831054688,
            "attributes": {
                "LineHeight": 12.125
            }
        },
        {
            "Bounds": [
                77.447998046875,
                273.4031982421875,
                184.9008026123047,
                282.8582458496094
            ],
            "ClipBounds": [
                77.447998046875,
                273.4031982421875,
                184.9008026123047,
                282.8582458496094
            ],
            "Page": 0,
            "Path": "//Document/Sect/Table[2]/TR[5]/TD",
            "attributes": {
                "BBox": [
                    71.5170999999973,
                    255.62199999999575,
                    358.0649999999878,
                    289.6999999999971
                ],
                "BlockAlign": "Before",
                "BorderColor": [
                    0,
                    0,
                    0
                ],
                "BorderStyle": "Solid",
                "BorderThickness": [
                    0.25,
                    0.625,
                    0.5,
                    0.25
                ],
                "ColIndex": 0,
                "Height": 34.125,
                "InlineAlign": "Start",
                "RowIndex": 4,
                "Width": 286.375
            }
        },
        {
            "Bounds": [
                77.447998046875,
                273.4031982421875,
                184.9008026123047,
                282.8582458496094
            ],
            "ClipBounds": [
                77.447998046875,
                273.4031982421875,
                184.9008026123047,
                282.8582458496094
            ],
            "Font": {
                "alt_family_name": "Arial",
                "embedded": true,
                "encoding": "WinAnsiEncoding",
                "family_name": "Arial MT",
                "font_type": "TrueType",
                "italic": false,
                "monospaced": false,
                "name": "YPSSWM+ArialMT",
                "subset": true,
                "weight": 400
            },
            "HasClip": true,
            "Lang": "en",
            "Page": 0,
            "Path": "//Document/Sect/Table[2]/TR[5]/TD/P",
            "Text": "Gorgeous Cotton Pants ",
            "TextSize": 10.080001831054688,
            "attributes": {
                "LineHeight": 12.125
            }
        },
        {
            "Bounds": [
                363.82000732421875,
                273.4031982421875,
                378.3000030517578,
                282.8582458496094
            ],
            "ClipBounds": [
                363.82000732421875,
                273.4031982421875,
                378.3000030517578,
                282.8582458496094
            ],
            "Page": 0,
            "Path": "//Document/Sect/Table[2]/TR[5]/TD[2]",
            "attributes": {
                "BBox": [
                    357.58499999999185,
                    255.62199999999575,
                    414.22299999999814,
                    289.6999999999971
                ],
                "BlockAlign": "Before",
                "BorderColor": [
                    0,
                    0,
                    0
                ],
                "BorderStyle": "Solid",
                "BorderThickness": [
                    0.25,
                    0.625,
                    0.25,
                    0.25
                ],
                "ColIndex": 1,
                "Height": 34.125,
                "InlineAlign": "Start",
                "RowIndex": 4,
                "Width": 56.625
            }
        },
        {
            "Bounds": [
                363.82000732421875,
                273.4031982421875,
                378.3000030517578,
                282.8582458496094
            ],
            "ClipBounds": [
                363.82000732421875,
                273.4031982421875,
                378.3000030517578,
                282.8582458496094
            ],
            "Font": {
                "alt_family_name": "Arial",
                "embedded": true,
                "encoding": "WinAnsiEncoding",
                "family_name": "Arial MT",
                "font_type": "TrueType",
                "italic": false,
                "monospaced": false,
                "name": "YPSSWM+ArialMT",
                "subset": true,
                "weight": 400
            },
            "HasClip": true,
            "Lang": "en",
            "Page": 0,
            "Path": "//Document/Sect/Table[2]/TR[5]/TD[2]/P",
            "Text": "31 ",
            "TextSize": 10.080001831054688,
            "attributes": {
                "LineHeight": 12.125
            }
        },
        {
            "Bounds": [
                420.3800048828125,
                273.4031982421875,
                434.86000061035156,
                282.8582458496094
            ],
            "ClipBounds": [
                420.3800048828125,
                273.4031982421875,
                434.86000061035156,
                282.8582458496094
            ],
            "Page": 0,
            "Path": "//Document/Sect/Table[2]/TR[5]/TD[3]",
            "attributes": {
                "BBox": [
                    413.74299999998766,
                    255.62199999999575,
                    481.8999999999942,
                    289.6999999999971
                ],
                "BlockAlign": "Before",
                "BorderColor": [
                    0,
                    0,
                    0
                ],
                "BorderStyle": "Solid",
                "BorderThickness": [
                    0.25,
                    0.625,
                    0.25,
                    0.25
                ],
                "ColIndex": 2,
                "Height": 34.125,
                "InlineAlign": "Start",
                "RowIndex": 4,
                "Width": 68.125
            }
        },
        {
            "Bounds": [
                420.3800048828125,
                273.4031982421875,
                434.86000061035156,
                282.8582458496094
            ],
            "ClipBounds": [
                420.3800048828125,
                273.4031982421875,
                434.86000061035156,
                282.8582458496094
            ],
            "Font": {
                "alt_family_name": "Arial",
                "embedded": true,
                "encoding": "WinAnsiEncoding",
                "family_name": "Arial MT",
                "font_type": "TrueType",
                "italic": false,
                "monospaced": false,
                "name": "YPSSWM+ArialMT",
                "subset": true,
                "weight": 400
            },
            "HasClip": true,
            "Lang": "en",
            "Page": 0,
            "Path": "//Document/Sect/Table[2]/TR[5]/TD[3]/P",
            "Text": "66 ",
            "TextSize": 10.080001831054688,
            "attributes": {
                "LineHeight": 12.125
            }
        },
        {
            "Bounds": [
                487.00999450683594,
                273.4031982421875,
                517.7280731201172,
                282.8582458496094
            ],
            "ClipBounds": [
                487.00999450683594,
                273.4031982421875,
                517.7280731201172,
                282.8582458496094
            ],
            "Page": 0,
            "Path": "//Document/Sect/Table[2]/TR[5]/TD[4]",
            "attributes": {
                "BBox": [
                    481.41999999999825,
                    255.62199999999575,
                    541.417999999976,
                    289.6999999999971
                ],
                "BlockAlign": "Before",
                "BorderColor": [
                    0,
                    0,
                    0
                ],
                "BorderStyle": "Solid",
                "BorderThickness": [
                    0.25,
                    0.625,
                    0.25,
                    0.5
                ],
                "ColIndex": 3,
                "Height": 34.125,
                "InlineAlign": "Start",
                "RowIndex": 4,
                "Width": 60
            }
        },
        {
            "Bounds": [
                487.00999450683594,
                273.4031982421875,
                517.7280731201172,
                282.8582458496094
            ],
            "ClipBounds": [
                487.00999450683594,
                273.4031982421875,
                517.7280731201172,
                282.8582458496094
            ],
            "Font": {
                "alt_family_name": "Arial",
                "embedded": true,
                "encoding": "WinAnsiEncoding",
                "family_name": "Arial MT",
                "font_type": "TrueType",
                "italic": false,
                "monospaced": false,
                "name": "YPSSWM+ArialMT",
                "subset": true,
                "weight": 400
            },
            "HasClip": true,
            "Lang": "en",
            "Page": 0,
            "Path": "//Document/Sect/Table[2]/TR[5]/TD[4]/P",
            "Text": "$2046 ",
            "TextSize": 10.080001831054688,
            "attributes": {
                "LineHeight": 12.125
            }
        },
        {
            "Bounds": [
                77.447998046875,
                159.9532012939453,
                522.3792724609375,
                202.88824462890625
            ],
            "ClipBounds": [
                77.447998046875,
                159.9532012939453,
                522.3792724609375,
                202.88824462890625
            ],
            "Page": 0,
            "Path": "//Document/Sect/Table[3]",
            "attributes": {
                "BBox": [
                    77.03689999999915,
                    162.02599999999802,
                    519.8189999999886,
                    201.62399999999616
                ],
                "NumCol": 2,
                "NumRow": 2,
                "Placement": "Block",
                "SpaceAfter": 18
            }
        },
        {
            "Bounds": [
                77.447998046875,
                193.43319702148438,
                120.4593505859375,
                202.88824462890625
            ],
            "ClipBounds": [
                77.447998046875,
                193.43319702148438,
                120.4593505859375,
                202.88824462890625
            ],
            "Page": 0,
            "Path": "//Document/Sect/Table[3]/TR/TD",
            "attributes": {
                "BBox": [
                    77.03689999999915,
                    177.86499999999796,
                    358.54499999999825,
                    201.62399999999616
                ],
                "BlockAlign": "Before",
                "ColIndex": 0,
                "Height": 23.75,
                "InlineAlign": "Start",
                "RowIndex": 0,
                "Width": 281.5
            }
        },
        {
            "Bounds": [
                77.447998046875,
                193.43319702148438,
                120.4593505859375,
                202.88824462890625
            ],
            "ClipBounds": [
                77.447998046875,
                193.43319702148438,
                120.4593505859375,
                202.88824462890625
            ],
            "Font": {
                "alt_family_name": "Arial",
                "embedded": true,
                "encoding": "WinAnsiEncoding",
                "family_name": "Arial",
                "font_type": "TrueType",
                "italic": false,
                "monospaced": false,
                "name": "PREQAE+Arial-BoldMT",
                "subset": true,
                "weight": 700
            },
            "HasClip": true,
            "Lang": "en",
            "Page": 0,
            "Path": "//Document/Sect/Table[3]/TR/TD/P",
            "Text": "Subtotal ",
            "TextSize": 10.080001831054688,
            "attributes": {
                "LineHeight": 12.125
            }
        },
        {
            "Bounds": [
                485.92999267578125,
                193.43319702148438,
                522.3792724609375,
                202.88824462890625
            ],
            "ClipBounds": [
                485.92999267578125,
                193.43319702148438,
                522.3792724609375,
                202.88824462890625
            ],
            "Page": 0,
            "Path": "//Document/Sect/Table[3]/TR/TD[2]",
            "attributes": {
                "BBox": [
                    358.54499999999825,
                    177.86499999999796,
                    519.8189999999886,
                    201.62399999999616
                ],
                "BlockAlign": "Before",
                "ColIndex": 1,
                "Height": 23.75,
                "InlineAlign": "End",
                "RowIndex": 0,
                "Width": 161.25
            }
        },
        {
            "Bounds": [
                485.92999267578125,
                193.43319702148438,
                522.3792724609375,
                202.88824462890625
            ],
            "ClipBounds": [
                485.92999267578125,
                193.43319702148438,
                522.3792724609375,
                202.88824462890625
            ],
            "Font": {
                "alt_family_name": "Arial",
                "embedded": true,
                "encoding": "WinAnsiEncoding",
                "family_name": "Arial MT",
                "font_type": "TrueType",
                "italic": false,
                "monospaced": false,
                "name": "YPSSWM+ArialMT",
                "subset": true,
                "weight": 400
            },
            "HasClip": true,
            "Lang": "en",
            "Page": 0,
            "Path": "//Document/Sect/Table[3]/TR/TD[2]/P",
            "Text": "$12724 ",
            "TextSize": 10.080001831054688,
            "attributes": {
                "LineHeight": 12.125
            }
        },
        {
            "Bounds": [
                77.447998046875,
                159.9532012939453,
                109.73143005371094,
                169.40823364257812
            ],
            "ClipBounds": [
                77.447998046875,
                159.9532012939453,
                109.73143005371094,
                169.40823364257812
            ],
            "Page": 0,
            "Path": "//Document/Sect/Table[3]/TR[2]/TD",
            "attributes": {
                "BBox": [
                    77.03689999999915,
                    162.02599999999802,
                    358.54499999999825,
                    177.86499999999796
                ],
                "BlockAlign": "After",
                "ColIndex": 0,
                "Height": 15.875,
                "InlineAlign": "Start",
                "RowIndex": 1,
                "Width": 281.5
            }
        },
        {
            "Bounds": [
                77.447998046875,
                159.9532012939453,
                109.73143005371094,
                169.40823364257812
            ],
            "ClipBounds": [
                77.447998046875,
                159.9532012939453,
                109.73143005371094,
                169.40823364257812
            ],
            "Font": {
                "alt_family_name": "Arial",
                "embedded": true,
                "encoding": "WinAnsiEncoding",
                "family_name": "Arial",
                "font_type": "TrueType",
                "italic": false,
                "monospaced": false,
                "name": "PREQAE+Arial-BoldMT",
                "subset": true,
                "weight": 700
            },
            "HasClip": true,
            "Lang": "en",
            "Page": 0,
            "Path": "//Document/Sect/Table[3]/TR[2]/TD/P",
            "Text": "Tax % ",
            "TextSize": 10.080001831054688,
            "attributes": {
                "LineHeight": 12.125
            }
        },
        {
            "Bounds": [
                485.92999267578125,
                159.9532012939453,
                500.4100036621094,
                169.40823364257812
            ],
            "ClipBounds": [
                485.92999267578125,
                159.9532012939453,
                500.4100036621094,
                169.40823364257812
            ],
            "Page": 0,
            "Path": "//Document/Sect/Table[3]/TR[2]/TD[2]",
            "attributes": {
                "BBox": [
                    358.54499999999825,
                    162.02599999999802,
                    519.8189999999886,
                    177.86499999999796
                ],
                "BlockAlign": "After",
                "ColIndex": 1,
                "Height": 15.875,
                "InlineAlign": "End",
                "RowIndex": 1,
                "Width": 161.25
            }
        },
        {
            "Bounds": [
                485.92999267578125,
                159.9532012939453,
                500.4100036621094,
                169.40823364257812
            ],
            "ClipBounds": [
                485.92999267578125,
                159.9532012939453,
                500.4100036621094,
                169.40823364257812
            ],
            "Font": {
                "alt_family_name": "Arial",
                "embedded": true,
                "encoding": "WinAnsiEncoding",
                "family_name": "Arial MT",
                "font_type": "TrueType",
                "italic": false,
                "monospaced": false,
                "name": "YPSSWM+ArialMT",
                "subset": true,
                "weight": 400
            },
            "HasClip": true,
            "Lang": "en",
            "Page": 0,
            "Path": "//Document/Sect/Table[3]/TR[2]/TD[2]/P",
            "Text": "10 ",
            "TextSize": 10.080001831054688,
            "attributes": {
                "LineHeight": 12.125
            }
        },
        {
            "Bounds": [
                77.447998046875,
                650.8531951904297,
                126.14447021484375,
                660.3082427978516
            ],
            "ClipBounds": [
                77.447998046875,
                650.8531951904297,
                126.14447021484375,
                660.3082427978516
            ],
            "Font": {
                "alt_family_name": "Arial",
                "embedded": true,
                "encoding": "WinAnsiEncoding",
                "family_name": "Arial",
                "font_type": "TrueType",
                "italic": false,
                "monospaced": false,
                "name": "PREQAE+Arial-BoldMT",
                "subset": true,
                "weight": 700
            },
            "HasClip": true,
            "Lang": "en",
            "Page": 1,
            "Path": "//Document/Sect/P[12]",
            "Text": "Total Due ",
            "TextSize": 10.080001831054688
        },
        {
            "Bounds": [
                485.92999267578125,
                648.9199981689453,
                526.1329956054688,
                657.3619995117188
            ],
            "ClipBounds": [
                485.92999267578125,
                648.9199981689453,
                526.1329956054688,
                657.3619995117188
            ],
            "Font": {
                "alt_family_name": "Arial",
                "embedded": true,
                "encoding": "WinAnsiEncoding",
                "family_name": "Arial MT",
                "font_type": "TrueType",
                "italic": false,
                "monospaced": false,
                "name": "YPSSWM+ArialMT",
                "subset": true,
                "weight": 400
            },
            "HasClip": true,
            "Lang": "en",
            "Page": 1,
            "Path": "//Document/Sect/P[13]",
            "Text": "$13996.4 ",
            "TextSize": 9,
            "attributes": {
                "LineHeight": 10.75,
                "TextAlign": "End"
            }
        }
    ],
    "pages": [
        {
            "boxes": {
                "CropBox": [
                    0,
                    0,
                    612,
                    792
                ],
                "MediaBox": [
                    0,
                    0,
                    612,
                    792
                ]
            },
            "height": 792,
            "is_scanned": false,
            "page_number": 0,
            "rotation": 0,
            "width": 612
        },
        {
            "boxes": {
                "CropBox": [
                    0,
                    0,
                    612,
                    792
                ],
                "MediaBox": [
                    0,
                    0,
                    612,
                    792
                ]
            },
            "height": 792,
            "is_scanned": false,
            "page_number": 1,
            "rotation": 0,
            "width": 612
        }
    ]
}