{
    "version": {
        "json_export": "187",
        "page_segmentation": "5",
        "schema": "1.1.0",
        "structure": "1.1036.0",
        "table_structure": "5"
    },
    "extended_metadata": {
        "ID_instance": "DC 51 E0 A8 42 B7 B2 11 0A 00 67 45 8B 6B C6 23 ",
        "ID_permanent": "30 42 20 44 36 20 44 44 20 41 38 20 34 32 20 42 37 20 42 32 20 31 31 20 30 41 20 30 30 20 36 37 20 34 35 20 38 42 20 36 42 20 43 36 20 32 33 20 ",
        "pdf_version": "1.6",
        "pdfa_compliance_level": "",
        "is_encrypted": false,
        "has_acroform": false,
        "is_digitally_signed": false,
        "pdfua_compliance_level": "",
        "page_count": 1,
        "has_embedded_files": false,
        "is_certified": false,
        "is_XFA": false,
        "language": "en-US"
    },
    "elements": [
        {
            "Bounds": [
                76.72799682617188,
                734.4232025146484,
                171.43968200683594,
                743.8782348632812
            ],
            "ClipBounds": [
                76.72799682617188,
                734.4232025146484,
                171.43968200683594,
                743.8782348632812
            ],
            "Font": {
                "alt_family_name": "Arial",
                "embedded": true,
                "encoding": "WinAnsiEncoding",
                "family_name": "Arial",
                "font_type": "TrueType",
                "italic": false,
                "monospaced": false,
                "name": "HXVIKP+Arial-BoldMT",
                "subset": true,
                "weight": 700
            },
            "HasClip": true,
            "Page": 0,
            "Path": "//Document/Sect/P/Sub",
            "Text": "NearBy Electronics ",
            "TextSize": 10.080001831054688,
            "attributes": {
                "Placement": "Block"
            }
        },
        {
            "Bounds": [
                76.72799682617188,
                721.1031951904297,
                214.52447509765625,
                730.5582427978516
            ],
            "ClipBounds": [
                76.72799682617188,
                721.1031951904297,
                214.52447509765625,
                730.5582427978516
            ],
            "Font": {
                "alt_family_name": "Arial",
                "embedded": true,
                "encoding": "WinAnsiEncoding",
                "family_name": "Arial MT",
                "font_type": "TrueType",
                "italic": false,
                "monospaced": false,
                "name": "RUYQUV+ArialMT",
                "subset": true,
                "weight": 400
            },
            "HasClip": true,
            "Page": 0,
            "Path": "//Document/Sect/P/Sub[2]",
            "Text": "3741 Glory Road, Jamestown, ",
            "TextSize": 10.080001831054688,
            "attributes": {
                "Placement": "Block"
            }
        },
        {
            "Bounds": [
                76.72799682617188,
                708.1132049560547,
                155.30166625976562,
                717.5682373046875
            ],
            "ClipBounds": [
                76.72799682617188,
                708.1132049560547,
                155.30166625976562,
                717.5682373046875
            ],
            "Font": {
                "alt_family_name": "Arial",
                "embedded": true,
                "encoding": "WinAnsiEncoding",
                "family_name": "Arial MT",
                "font_type": "TrueType",
                "italic": false,
                "monospaced": false,
                "name": "RUYQUV+ArialMT",
                "subset": true,
                "weight": 400
            },
            "HasClip": true,
            "Page": 0,
            "Path": "//Document/Sect/P/Sub[3]",
            "Text": "Tennessee, USA ",
            "TextSize": 10.080001831054688,
            "attributes": {
                "Placement": "Block"
            }
        },
        {
            "Bounds": [
                76.72799682617188,
                694.7931976318359,
                107.43167114257812,
                704.2482452392578
            ],
            "ClipBounds": [
                76.72799682617188,
                694.7931976318359,
                107.43167114257812,
                704.2482452392578
            ],
            "Font": {
                "alt_family_name": "Arial",
                "embedded": true,
                "encoding": "WinAnsiEncoding",
                "family_name": "Arial MT",
                "font_type": "TrueType",
                "italic": false,
                "monospaced": false,
                "name": "RUYQUV+ArialMT",
                "subset": true,
                "weight": 400
            },
            "HasClip": true,
            "Page": 0,
            "Path": "//Document/Sect/P/Sub[4]",
            "Text": "38556 ",
            "TextSize": 10.080001831054688,
            "attributes": {
                "Placement": "Block"
            }
        },
        {
            "Bounds": [
                345.1000061035156,
                708.1132049560547,
                543.2117614746094,
                730.5582427978516
            ],
            "ClipBounds": [
                345.1000061035156,
                708.1132049560547,
                543.2117614746094,
                730.5582427978516
            ],
            "Font": {
                "alt_family_name": "Arial",
                "embedded": true,
                "encoding": "WinAnsiEncoding",
                "family_name": "Arial",
                "font_type": "TrueType",
                "italic": false,
                "monospaced": false,
                "name": "HXVIKP+Arial-BoldMT",
                "subset": true,
                "weight": 700
            },
            "HasClip": true,
            "Lang": "en",
            "Page": 0,
            "Path": "//Document/Sect/P[2]",
            "Text": "Invoice# BF9364716875679263891122558 Issue date ",
            "TextSize": 10.080001831054688,
            "attributes": {
                "LineHeight": 13,
                "TextAlign": "End"
            }
        },
        {
            "Bounds": [
                489.1699981689453,
                694.7931976318359,
                543.3080749511719,
                704.2482452392578
            ],
            "ClipBounds": [
                489.1699981689453,
                694.7931976318359,
                543.3080749511719,
                704.2482452392578
            ],
            "Font": {
                "alt_family_name": "Arial",
                "embedded": true,
                "encoding": "WinAnsiEncoding",
                "family_name": "Arial MT",
                "font_type": "TrueType",
                "italic": false,
                "monospaced": false,
                "name": "RUYQUV+ArialMT",
                "subset": true,
                "weight": 400
            },
            "HasClip": true,
            "Lang": "en",
            "Page": 0,
            "Path": "//Document/Sect/P[3]",
            "Text": "12-05-2023 ",
            "TextSize": 10.080001831054688,
            "attributes": {
                "LineHeight": 12.125,
                "SpaceAfter": 12.625,
                "TextAlign": "End"
            }
        },
        {
            "Bounds": [
                76.72799682617188,
                649.9085540771484,
                295.7052459716797,
                673.2309875488281
            ],
            "ClipBounds": [
                76.72799682617188,
                649.9085540771484,
                295.7052459716797,
                673.2309875488281
            ],
            "Font": {
                "alt_family_name": "Arial",
                "embedded": true,
                "encoding": "WinAnsiEncoding",
                "family_name": "Arial MT",
                "font_type": "TrueType",
                "italic": false,
                "monospaced": false,
                "name": "RUYQUV+ArialMT",
                "subset": true,
                "weight": 400
            },
            "HasClip": true,
            "Lang": "en",
            "Page": 0,
            "Path": "//Document/Sect/Title",
            "Text": "NearBy Electronics ",
            "TextSize": 24.863998413085938,
            "attributes": {
                "LineHeight": 29.875,
                "SpaceAfter": 7
            }
        },
        {
            "Bounds": [
                76.72799682617188,
                633.9331970214844,
                460.8868713378906,
                643.3882446289062
            ],
            "ClipBounds": [
                76.72799682617188,
                633.9331970214844,
                460.8868713378906,
                643.3882446289062
            ],
            "Font": {
                "alt_family_name": "Arial",
                "embedded": true,
                "encoding": "WinAnsiEncoding",
                "family_name": "Arial MT",
                "font_type": "TrueType",
                "italic": false,
                "monospaced": false,
                "name": "RUYQUV+ArialMT",
                "subset": true,
                "weight": 400
            },
            "HasClip": true,
            "Lang": "en",
            "Page": 0,
            "Path": "//Document/Sect/P[4]",
            "Text": "We are here to serve you better. Reach out to us in case of any concern or feedbacks. ",
            "TextSize": 10.080001831054688,
            "attributes": {
                "SpaceAfter": 18
            }
        },
        {
            "Bounds": [
                81.04800415039062,
                580.9832000732422,
                122.99087524414062,
                590.438232421875
            ],
            "ClipBounds": [
                81.04800415039062,
                580.9832000732422,
                122.99087524414062,
                590.438232421875
            ],
            "Font": {
                "alt_family_name": "Arial",
                "embedded": true,
                "encoding": "WinAnsiEncoding",
                "family_name": "Arial",
                "font_type": "TrueType",
                "italic": false,
                "monospaced": false,
                "name": "HXVIKP+Arial-BoldMT",
                "subset": true,
                "weight": 700
            },
            "HasClip": true,
            "Lang": "en",
            "Page": 0,
            "Path": "//Document/Sect/P[5]",
            "Text": "BILL TO ",
            "TextSize": 10.080001831054688
        },
        {
            "Bounds": [
                81.04800415039062,
                567.6631927490234,
                146.4167938232422,
                577.1182403564453
            ],
            "ClipBounds": [
                81.04800415039062,
                567.6631927490234,
                146.4167938232422,
                577.1182403564453
            ],
            "Font": {
                "alt_family_name": "Arial",
                "embedded": true,
                "encoding": "WinAnsiEncoding",
                "family_name": "Arial MT",
                "font_type": "TrueType",
                "italic": false,
                "monospaced": false,
                "name": "RUYQUV+ArialMT",
                "subset": true,
                "weight": 400
            },
            "HasClip": true,
            "Page": 0,
            "Path": "//Document/Sect/P[6]/Sub",
            "Text": "Cary Zboncak ",
            "TextSize": 10.080001831054688,
            "attributes": {
                "Placement": "Block"
            }
        },
        {
            "Bounds": [
                81.04800415039062,
                554.6831970214844,
                201.92727661132812,
                564.1382446289062
            ],
            "ClipBounds": [
                81.04800415039062,
                554.6831970214844,
                201.92727661132812,
                564.1382446289062
            ],
            "Font": {
                "alt_family_name": "Arial",
                "embedded": true,
                "encoding": "WinAnsiEncoding",
                "family_name": "Arial MT",
                "font_type": "TrueType",
                "italic": false,
                "monospaced": false,
                "name": "RUYQUV+ArialMT",
                "subset": true,
                "weight": 400
            },
            "HasClip": true,
            "Page": 0,
            "Path": "//Document/Sect/P[6]/Sub[2]",
            "Text": "Cary.Zboncak@gmail.com ",
            "TextSize": 10.080001831054688,
            "attributes": {
                "Placement": "Block"
            }
        },
        {
            "Bounds": [
                81.04800415039062,
                541.3632049560547,
                146.34808349609375,
                550.8182373046875
            ],
            "ClipBounds": [
                81.04800415039062,
                541.3632049560547,
                146.34808349609375,
                550.8182373046875
            ],
            "Font": {
                "alt_family_name": "Arial",
                "embedded": true,
                "encoding": "WinAnsiEncoding",
                "family_name": "Arial MT",
                "font_type": "TrueType",
                "italic": false,
                "monospaced": false,
                "name": "RUYQUV+ArialMT",
                "subset": true,
                "weight": 400
            },
            "HasClip": true,
            "Page": 0,
            "Path": "//Document/Sect/P[6]/Sub[3]",
            "Text": "741-215-8162 ",
            "TextSize": 10.080001831054688,
            "attributes": {
                "Placement": "Block"
            }
        },
        {
            "Bounds": [
                81.04800415039062,
                528.0431976318359,
                169.43951416015625,
                537.4982452392578
            ],
            "ClipBounds": [
                81.04800415039062,
                528.0431976318359,
                169.43951416015625,
                537.4982452392578
            ],
            "Font": {
                "alt_family_name": "Arial",
                "embedded": true,
                "encoding": "WinAnsiEncoding",
                "family_name": "Arial MT",
                "font_type": "TrueType",
                "italic": false,
                "monospaced": false,
                "name": "RUYQUV+ArialMT",
                "subset": true,
                "weight": 400
            },
            "HasClip": true,
            "Page": 0,
            "Path": "//Document/Sect/P[6]/Sub[4]",
            "Text": "8236 O'Hara Glens ",
            "TextSize": 10.080001831054688,
            "attributes": {
                "Placement": "Block"
            }
        },
        {
            "Bounds": [
                81.04800415039062,
                514.7232055664062,
                152.75711059570312,
                524.1782379150391
            ],
            "ClipBounds": [
                81.04800415039062,
                514.7232055664062,
                152.75711059570312,
                524.1782379150391
            ],
            "Font": {
                "alt_family_name": "Arial",
                "embedded": true,
                "encoding": "WinAnsiEncoding",
                "family_name": "Arial MT",
                "font_type": "TrueType",
                "italic": false,
                "monospaced": false,
                "name": "RUYQUV+ArialMT",
                "subset": true,
                "weight": 400
            },
            "HasClip": true,
            "Page": 0,
            "Path": "//Document/Sect/P[6]/Sub[5]",
            "Text": "Moutsamoudou ",
            "TextSize": 10.080001831054688,
            "attributes": {
                "Placement": "Block"
            }
        },
        {
            "Bounds": [
                240.25999450683594,
                580.9832000732422,
                286.1240692138672,
                590.438232421875
            ],
            "ClipBounds": [
                240.25999450683594,
                580.9832000732422,
                286.1240692138672,
                590.438232421875
            ],
            "Font": {
                "alt_family_name": "Arial",
                "embedded": true,
                "encoding": "WinAnsiEncoding",
                "family_name": "Arial",
                "font_type": "TrueType",
                "italic": false,
                "monospaced": false,
                "name": "HXVIKP+Arial-BoldMT",
                "subset": true,
                "weight": 700
            },
            "HasClip": true,
            "Lang": "en",
            "Page": 0,
            "Path": "//Document/Sect/P[7]",
            "Text": "DETAILS ",
            "TextSize": 10.080001831054688
        },
        {
            "Bounds": [
                240.25999450683594,
                567.6631927490234,
                305.9009552001953,
                577.1182403564453
            ],
            "ClipBounds": [
                240.25999450683594,
                567.6631927490234,
                305.9009552001953,
                577.1182403564453
            ],
            "Font": {
                "alt_family_name": "Arial",
                "embedded": true,
                "encoding": "WinAnsiEncoding",
                "family_name": "Arial MT",
                "font_type": "TrueType",
                "italic": false,
                "monospaced": false,
                "name": "RUYQUV+ArialMT",
                "subset": true,
                "weight": 400
            },
            "HasClip": true,
            "Lang": "no",
            "Page": 0,
            "Path": "//Document/Sect/P[8]",
            "Text": "consectetur ut ",
            "TextSize": 10.080001831054688
        },
        {
            "Bounds": [
                412.8000030517578,
                580.9832000732422,
                464.58103942871094,
                590.438232421875
            ],
            "ClipBounds": [
                412.8000030517578,
                580.9832000732422,
                464.58103942871094,
                590.438232421875
            ],
            "Font": {
                "alt_family_name": "Arial",
                "embedded": true,
                "encoding": "WinAnsiEncoding",
                "family_name": "Arial",
                "font_type": "TrueType",
                "italic": false,
                "monospaced": false,
                "name": "HXVIKP+Arial-BoldMT",
                "subset": true,
                "weight": 700
            },
            "HasClip": true,
            "Lang": "en",
            "Page": 0,
            "Path": "//Document/Sect/P[9]",
            "Text": "PAYMENT ",
            "TextSize": 10.080001831054688
        },
        {
            "Bounds": [
                412.8000030517578,
                567.6631927490234,
                513.0480804443359,
                577.1182403564453
            ],
            "ClipBounds": [
                412.8000030517578,
                567.6631927490234,
                513.0480804443359,
                577.1182403564453
            ],
            "Font": {
                "alt_family_name": "Arial",
                "embedded": true,
                "encoding": "WinAnsiEncoding",
                "family_name": "Arial MT",
                "font_type": "TrueType",
                "italic": false,
                "monospaced": false,
                "name": "RUYQUV+ArialMT",
                "subset": true,
                "weight": 400
            },
            "HasClip": true,
            "Lang": "en",
            "Page": 0,
            "Path": "//Document/Sect/P[10]",
            "Text": "Due date: 22-06-2023 ",
            "TextSize": 10.080001831054688,
            "attributes": {
                "SpaceAfter": 18
            }
        },
        {
            "Bounds": [
                410.63999938964844,
                535.3764038085938,
                453.7554016113281,
                545.844482421875
            ],
            "ClipBounds": [
                410.63999938964844,
                535.3764038085938,
                453.7554016113281,
                545.844482421875
            ],
            "Font": {
                "alt_family_name": "Arial",
                "embedded": true,
                "encoding": "WinAnsiEncoding",
                "family_name": "Arial",
                "font_type": "TrueType",
                "italic": false,
                "monospaced": false,
                "name": "HXVIKP+Arial-BoldMT",
                "subset": true,
                "weight": 700
            },
            "HasClip": true,
            "Lang": "en",
            "Page": 0,
            "Path": "//Document/Sect/Aside/P",
            "Text": "$9816.4 ",
            "TextSize": 11.160003662109375,
            "attributes": {
                "SpaceAfter": 18
            }
        },
        {
            "Bounds": [
                77.447998046875,
                443.033203125,
                530.1510314941406,
                452.4882354736328
            ],
            "ClipBounds": [
                77.447998046875,
                443.033203125,
                530.1510314941406,
                452.4882354736328
            ],
            "Page": 0,
            "Path": "//Document/Sect/Table",
            "attributes": {
                "BBox": [
                    71.5170999999973,
                    428.17499999998836,
                    540.9379999999946,
                    460.93299999999
                ],
                "NumCol": 4,
                "Placement": "Block",
                "SpaceAfter": 18
            }
        },
        {
            "Bounds": [
                77.447998046875,
                443.033203125,
                104.47239685058594,
                452.4882354736328
            ],
            "ClipBounds": [
                77.447998046875,
                443.033203125,
                104.47239685058594,
                452.4882354736328
            ],
            "Page": 0,
            "Path": "//Document/Sect/Table/TR/TD",
            "attributes": {
                "BBox": [
                    71.5170999999973,
                    427.33499999999185,
                    358.78499999998894,
                    460.93299999999
                ],
                "BlockAlign": "Middle",
                "BorderColor": [
                    [
                        0,
                        0,
                        0
                    ],
                    [
                        0.6235349999999755,
                        0.6235349999999755,
                        0.6235349999999755
                    ],
                    [
                        0,
                        0,
                        0
                    ],
                    [
                        0,
                        0,
                        0
                    ]
                ],
                "BorderStyle": "Solid",
                "BorderThickness": [
                    0.625,
                    0.875,
                    0.5,
                    0.25
                ],
                "ColIndex": 0,
                "Height": 33.625,
                "InlineAlign": "Start",
                "RowIndex": 0,
                "Width": 287.25
            }
        },
        {
            "Bounds": [
                77.447998046875,
                443.033203125,
                104.47239685058594,
                452.4882354736328
            ],
            "ClipBounds": [
                77.447998046875,
                443.033203125,
                104.47239685058594,
                452.4882354736328
            ],
            "Font": {
                "alt_family_name": "Arial",
                "embedded": true,
                "encoding": "WinAnsiEncoding",
                "family_name": "Arial",
                "font_type": "TrueType",
                "italic": false,
                "monospaced": false,
                "name": "HXVIKP+Arial-BoldMT",
                "subset": true,
                "weight": 700
            },
            "HasClip": true,
            "Lang": "en",
            "Page": 0,
            "Path": "//Document/Sect/Table/TR/TD/P",
            "Text": "ITEM ",
            "TextSize": 10.080001831054688,
            "attributes": {
                "LineHeight": 12.125
            }
        },
        {
            "Bounds": [
                363.1000061035156,
                443.033203125,
                386.6570281982422,
                452.4882354736328
            ],
            "ClipBounds": [
                363.1000061035156,
                443.033203125,
                386.6570281982422,
                452.4882354736328
            ],
            "Page": 0,
            "Path": "//Document/Sect/Table/TR/TD[2]",
            "attributes": {
                "BBox": [
                    358.304999999993,
                    427.33499999999185,
                    415.6629999999859,
                    460.93299999999
                ],
                "BlockAlign": "Middle",
                "BorderColor": [
                    [
                        0,
                        0,
                        0
                    ],
                    [
                        0.6235349999999755,
                        0.6235349999999755,
                        0.6235349999999755
                    ],
                    [
                        0,
                        0,
                        0
                    ],
                    [
                        0,
                        0,
                        0
                    ]
                ],
                "BorderStyle": "Solid",
                "BorderThickness": [
                    0.625,
                    0.875,
                    0.25,
                    0.25
                ],
                "ColIndex": 1,
                "Height": 33.625,
                "InlineAlign": "Start",
                "RowIndex": 0,
                "Width": 57.375
            }
        },
        {
            "Bounds": [
                363.1000061035156,
                443.033203125,
                386.6570281982422,
                452.4882354736328
            ],
            "ClipBounds": [
                363.1000061035156,
                443.033203125,
                386.6570281982422,
                452.4882354736328
            ],
            "Font": {
                "alt_family_name": "Arial",
                "embedded": true,
                "encoding": "WinAnsiEncoding",
                "family_name": "Arial",
                "font_type": "TrueType",
                "italic": false,
                "monospaced": false,
                "name": "HXVIKP+Arial-BoldMT",
                "subset": true,
                "weight": 700
            },
            "HasClip": true,
            "Lang": "en",
            "Page": 0,
            "Path": "//Document/Sect/Table/TR/TD[2]/P",
            "Text": "QTY ",
            "TextSize": 10.080001831054688,
            "attributes": {
                "LineHeight": 12.125
            }
        },
        {
            "Bounds": [
                420.3800048828125,
                443.033203125,
                450.7712707519531,
                452.4882354736328
            ],
            "ClipBounds": [
                420.3800048828125,
                443.033203125,
                450.7712707519531,
                452.4882354736328
            ],
            "Page": 0,
            "Path": "//Document/Sect/Table/TR/TD[3]",
            "attributes": {
                "BBox": [
                    415.18299999999,
                    427.33499999999185,
                    481.8999999999942,
                    460.93299999999
                ],
                "BlockAlign": "Middle",
                "BorderColor": [
                    [
                        0,
                        0,
                        0
                    ],
                    [
                        0.6235349999999755,
                        0.6235349999999755,
                        0.6235349999999755
                    ],
                    [
                        0,
                        0,
                        0
                    ],
                    [
                        0,
                        0,
                        0
                    ]
                ],
                "BorderStyle": "Solid",
                "BorderThickness": [
                    0.625,
                    0.875,
                    0.25,
                    0.25
                ],
                "ColIndex": 2,
                "Height": 33.625,
                "InlineAlign": "Start",
                "RowIndex": 0,
                "Width": 66.75
            }
        },
        {
            "Bounds": [
                420.3800048828125,
                443.033203125,
                450.7712707519531,
                452.4882354736328
            ],
            "ClipBounds": [
                420.3800048828125,
                443.033203125,
                450.7712707519531,
                452.4882354736328
            ],
            "Font": {
                "alt_family_name": "Arial",
                "embedded": true,
                "encoding": "WinAnsiEncoding",
                "family_name": "Arial",
                "font_type": "TrueType",
                "italic": false,
                "monospaced": false,
                "name": "HXVIKP+Arial-BoldMT",
                "subset": true,
                "weight": 700
            },
            "HasClip": true,
            "Lang": "en",
            "Page": 0,
            "Path": "//Document/Sect/Table/TR/TD[3]/P",
            "Text": "RATE ",
            "TextSize": 10.080001831054688,
            "attributes": {
                "LineHeight": 12.125
            }
        },
        {
            "Bounds": [
                483.4100036621094,
                443.033203125,
                530.1510314941406,
                452.4882354736328
            ],
            "ClipBounds": [
                483.4100036621094,
                443.033203125,
                530.1510314941406,
                452.4882354736328
            ],
            "Page": 0,
            "Path": "//Document/Sect/Table/TR/TD[4]",
            "attributes": {
                "BBox": [
                    481.41999999999825,
                    427.33499999999185,
                    541.417999999976,
                    460.93299999999
                ],
                "BlockAlign": "Middle",
                "BorderColor": [
                    [
                        0,
                        0,
                        0
                    ],
                    [
                        0.6235349999999755,
                        0.6235349999999755,
                        0.6235349999999755
                    ],
                    [
                        0,
                        0,
                        0
                    ],
                    [
                        0,
                        0,
                        0
                    ]
                ],
                "BorderStyle": "Solid",
                "BorderThickness": [
                    0.625,
                    0.875,
                    0.25,
                    0.5
                ],
                "ColIndex": 3,
                "Height": 33.625,
                "InlineAlign": "Start",
                "RowIndex": 0,
                "Width": 60
            }
        },
        {
            "Bounds": [
                483.4100036621094,
                443.033203125,
                530.1510314941406,
                452.4882354736328
            ],
            "ClipBounds": [
                483.4100036621094,
                443.033203125,
                530.1510314941406,
                452.4882354736328
            ],
            "Font": {
                "alt_family_name": "Arial",
                "embedded": true,
                "encoding": "WinAnsiEncoding",
                "family_name": "Arial",
                "font_type": "TrueType",
                "italic": false,
                "monospaced": false,
                "name": "HXVIKP+Arial-BoldMT",
                "subset": true,
                "weight": 700
            },
            "HasClip": true,
            "Lang": "en",
            "Page": 0,
            "Path": "//Document/Sect/Table/TR/TD[4]/P",
            "Text": "AMOUNT ",
            "TextSize": 10.080001831054688,
            "attributes": {
                "LineHeight": 12.125
            }
        },
        {
            "Bounds": [
                77.447998046875,
                306.9031982421875,
                517.7280731201172,
                416.8482360839844
            ],
            "ClipBounds": [
                77.447998046875,
                306.9031982421875,
                517.7280731201172,
                416.8482360839844
            ],
            "Page": 0,
            "Path": "//Document/Sect/Table[2]",
            "attributes": {
                "BBox": [
                    71.5170999999973,
                    289.45999999999185,
                    540.9379999999946,
                    424.9349999999977
                ],
                "NumCol": 4,
                "NumRow": 4,
                "Placement": "Block",
                "SpaceAfter": 18
            }
        },
        {
            "Bounds": [
                77.447998046875,
                407.39320373535156,
                172.2100830078125,
                416.8482360839844
            ],
            "ClipBounds": [
                77.447998046875,
                407.39320373535156,
                172.2100830078125,
                416.8482360839844
            ],
            "Page": 0,
            "Path": "//Document/Sect/Table[2]/TR/TD",
            "attributes": {
                "BBox": [
                    71.5170999999973,
                    389.29599999998754,
                    358.0649999999878,
                    424.9349999999977
                ],
                "BlockAlign": "Before",
                "BorderColor": [
                    0,
                    0,
                    0
                ],
                "BorderStyle": "Solid",
                "BorderThickness": [
                    0.625,
                    0.25,
                    0.5,
                    0.25
                ],
                "ColIndex": 0,
                "Height": 35.625,
                "InlineAlign": "Start",
                "RowIndex": 0,
                "Width": 286.375
            }
        },
        {
            "Bounds": [
                77.447998046875,
                407.39320373535156,
                172.2100830078125,
                416.8482360839844
            ],
            "ClipBounds": [
                77.447998046875,
                407.39320373535156,
                172.2100830078125,
                416.8482360839844
            ],
            "Font": {
                "alt_family_name": "Arial",
                "embedded": true,
                "encoding": "WinAnsiEncoding",
                "family_name": "Arial MT",
                "font_type": "TrueType",
                "italic": false,
                "monospaced": false,
                "name": "RUYQUV+ArialMT",
                "subset": true,
                "weight": 400
            },
            "HasClip": true,
            "Lang": "en",
            "Page": 0,
            "Path": "//Document/Sect/Table[2]/TR/TD/P",
            "Text": "Refined Frozen Shirt ",
            "TextSize": 10.080001831054688,
            "attributes": {
                "LineHeight": 12.125
            }
        },
        {
            "Bounds": [
                363.82000732421875,
                407.39320373535156,
                372.2267150878906,
                416.8482360839844
            ],
            "ClipBounds": [
                363.82000732421875,
                407.39320373535156,
                372.2267150878906,
                416.8482360839844
            ],
            "Page": 0,
            "Path": "//Document/Sect/Table[2]/TR/TD[2]",
            "attributes": {
                "BBox": [
                    357.58499999999185,
                    389.29599999998754,
                    414.22299999999814,
                    424.9349999999977
                ],
                "BlockAlign": "Before",
                "BorderColor": [
                    0,
                    0,
                    0
                ],
                "BorderStyle": "Solid",
                "BorderThickness": [
                    0.625,
                    0.25,
                    0.25,
                    0.25
                ],
                "ColIndex": 1,
                "Height": 35.625,
                "InlineAlign": "Start",
                "RowIndex": 0,
                "Width": 56.625
            }
        },
        {
            "Bounds": [
                363.82000732421875,
                407.39320373535156,
                372.2267150878906,
                416.8482360839844
            ],
            "ClipBounds": [
                363.82000732421875,
                407.39320373535156,
                372.2267150878906,
                416.8482360839844
            ],
            "Font": {
                "alt_family_name": "Arial",
                "embedded": true,
                "encoding": "WinAnsiEncoding",
                "family_name": "Arial MT",
                "font_type": "TrueType",
                "italic": false,
                "monospaced": false,
                "name": "RUYQUV+ArialMT",
                "subset": true,
                "weight": 400
            },
            "HasClip": true,
            "Lang": "en",
            "Page": 0,
            "Path": "//Document/Sect/Table[2]/TR/TD[2]/P",
            "Text": "4 ",
            "TextSize": 10.080001831054688,
            "attributes": {
                "LineHeight": 12.125
            }
        },
        {
            "Bounds": [
                420.3800048828125,
                407.39320373535156,
                434.86000061035156,
                416.8482360839844
            ],
            "ClipBounds": [
                420.3800048828125,
                407.39320373535156,
                434.86000061035156,
                416.8482360839844
            ],
            "Page": 0,
            "Path": "//Document/Sect/Table[2]/TR/TD[3]",
            "attributes": {
                "BBox": [
                    413.74299999998766,
                    389.29599999998754,
                    481.8999999999942,
                    424.9349999999977
                ],
                "BlockAlign": "Before",
                "BorderColor": [
                    0,
                    0,
                    0
                ],
                "BorderStyle": "Solid",
                "BorderThickness": [
                    0.625,
                    0.25,
                    0.25,
                    0.25
                ],
                "ColIndex": 2,
                "Height": 35.625,
                "InlineAlign": "Start",
                "RowIndex": 0,
                "Width": 68.125
            }
        },
        {
            "Bounds": [
                420.3800048828125,
                407.39320373535156,
                434.86000061035156,
                416.8482360839844
            ],
            "ClipBounds": [
                420.3800048828125,
                407.39320373535156,
                434.86000061035156,
                416.8482360839844
            ],
            "Font": {
                "alt_family_name": "Arial",
                "embedded": true,
                "encoding": "WinAnsiEncoding",
                "family_name": "Arial MT",
                "font_type": "TrueType",
                "italic": false,
                "monospaced": false,
                "name": "RUYQUV+ArialMT",
                "subset": true,
                "weight": 400
            },
            "HasClip": true,
            "Lang": "en",
            "Page": 0,
            "Path": "//Document/Sect/Table[2]/TR/TD[3]/P",
            "Text": "29 ",
            "TextSize": 10.080001831054688,
            "attributes": {
                "LineHeight": 12.125
            }
        },
        {
            "Bounds": [
                487.00999450683594,
                407.39320373535156,
                512.3251953125,
                416.8482360839844
            ],
            "ClipBounds": [
                487.00999450683594,
                407.39320373535156,
                512.3251953125,
                416.8482360839844
            ],
            "Page": 0,
            "Path": "//Document/Sect/Table[2]/TR/TD[4]",
            "attributes": {
                "BBox": [
                    481.41999999999825,
                    389.29599999998754,
                    541.417999999976,
                    424.9349999999977
                ],
                "BlockAlign": "Before",
                "BorderColor": [
                    0,
                    0,
                    0
                ],
                "BorderStyle": "Solid",
                "BorderThickness": [
                    0.625,
                    0.25,
                    0.25,
                    0.5
                ],
                "ColIndex": 3,
                "Height": 35.625,
                "InlineAlign": "Start",
                "RowIndex": 0,
                "Width": 60
            }
        },
        {
            "Bounds": [
                487.00999450683594,
                407.39320373535156,
                512.3251953125,
                416.8482360839844
            ],
            "ClipBounds": [
                487.00999450683594,
                407.39320373535156,
                512.3251953125,
                416.8482360839844
            ],
            "Font": {
                "alt_family_name": "Arial",
                "embedded": true,
                "encoding": "WinAnsiEncoding",
                "family_name": "Arial MT",
                "font_type": "TrueType",
                "italic": false,
                "monospaced": false,
                "name": "RUYQUV+ArialMT",
                "subset": true,
                "weight": 400
            },
            "HasClip": true,
            "Lang": "en",
            "Page": 0,
            "Path": "//Document/Sect/Table[2]/TR/TD[4]/P",
            "Text": "$116 ",
            "TextSize": 10.080001831054688,
            "attributes": {
                "LineHeight": 12.125
            }
        },
        {
            "Bounds": [
                77.447998046875,
                373.89320373535156,
                190.48512268066406,
                383.3482360839844
            ],
            "ClipBounds": [
                77.447998046875,
                373.89320373535156,
                190.48512268066406,
                383.3482360839844
            ],
            "Page": 0,
            "Path": "//Document/Sect/Table[2]/TR[2]/TD",
            "attributes": {
                "BBox": [
                    71.5170999999973,
                    356.1779999999999,
                    358.0649999999878,
                    389.775999999998
                ],
                "BlockAlign": "Before",
                "BorderColor": [
                    0,
                    0,
                    0
                ],
                "BorderStyle": "Solid",
                "BorderThickness": [
                    0.25,
                    0.25,
                    0.5,
                    0.25
                ],
                "ColIndex": 0,
                "Height": 33.625,
                "InlineAlign": "Start",
                "RowIndex": 1,
                "Width": 286.375
            }
        },
        {
            "Bounds": [
                77.447998046875,
                373.89320373535156,
                190.48512268066406,
                383.3482360839844
            ],
            "ClipBounds": [
                77.447998046875,
                373.89320373535156,
                190.48512268066406,
                383.3482360839844
            ],
            "Font": {
                "alt_family_name": "Arial",
                "embedded": true,
                "encoding": "WinAnsiEncoding",
                "family_name": "Arial MT",
                "font_type": "TrueType",
                "italic": false,
                "monospaced": false,
                "name": "RUYQUV+ArialMT",
                "subset": true,
                "weight": 400
            },
            "HasClip": true,
            "Lang": "en",
            "Page": 0,
            "Path": "//Document/Sect/Table[2]/TR[2]/TD/P",
            "Text": "Fantastic Cotton Cheese ",
            "TextSize": 10.080001831054688,
            "attributes": {
                "LineHeight": 12.125
            }
        },
        {
            "Bounds": [
                363.82000732421875,
                373.89320373535156,
                383.3751983642578,
                383.3482360839844
            ],
            "ClipBounds": [
                363.82000732421875,
                373.89320373535156,
                383.3751983642578,
                383.3482360839844
            ],
            "Page": 0,
            "Path": "//Document/Sect/Table[2]/TR[2]/TD[2]",
            "attributes": {
                "BBox": [
                    357.58499999999185,
                    356.1779999999999,
                    414.22299999999814,
                    389.775999999998
                ],
                "BlockAlign": "Before",
                "BorderColor": [
                    0,
                    0,
                    0
                ],
                "BorderStyle": "Solid",
                "BorderThickness": 0.25,
                "ColIndex": 1,
                "Height": 33.625,
                "InlineAlign": "Start",
                "RowIndex": 1,
                "Width": 56.625
            }
        },
        {
            "Bounds": [
                363.82000732421875,
                373.89320373535156,
                383.3751983642578,
                383.3482360839844
            ],
            "ClipBounds": [
                363.82000732421875,
                373.89320373535156,
                383.3751983642578,
                383.3482360839844
            ],
            "Font": {
                "alt_family_name": "Arial",
                "embedded": true,
                "encoding": "WinAnsiEncoding",
                "family_name": "Arial MT",
                "font_type": "TrueType",
                "italic": false,
                "monospaced": false,
                "name": "RUYQUV+ArialMT",
                "subset": true,
                "weight": 400
            },
            "HasClip": true,
            "Lang": "en",
            "Page": 0,
            "Path": "//Document/Sect/Table[2]/TR[2]/TD[2]/P",
            "Text": "107 ",
            "TextSize": 10.080001831054688,
            "attributes": {
                "LineHeight": 12.125
            }
        },
        {
            "Bounds": [
                420.3800048828125,
                373.89320373535156,
                434.86000061035156,
                383.3482360839844
            ],
            "ClipBounds": [
                420.3800048828125,
                373.89320373535156,
                434.86000061035156,
                383.3482360839844
            ],
            "Page": 0,
            "Path": "//Document/Sect/Table[2]/TR[2]/TD[3]",
            "attributes": {
                "BBox": [
                    413.74299999998766,
                    356.1779999999999,
                    481.8999999999942,
                    389.775999999998
                ],
                "BlockAlign": "Before",
                "BorderColor": [
                    0,
                    0,
                    0
                ],
                "BorderStyle": "Solid",
                "BorderThickness": 0.25,
                "ColIndex": 2,
                "Height": 33.625,
                "InlineAlign": "Start",
                "RowIndex": 1,
                "Width": 68.125
            }
        },
        {
            "Bounds": [
                420.3800048828125,
                373.89320373535156,
                434.86000061035156,
                383.3482360839844
            ],
            "ClipBounds": [
                420.3800048828125,
                373.89320373535156,
                434.86000061035156,
                383.3482360839844
            ],
            "Font": {
                "alt_family_name": "Arial",
                "embedded": true,
                "encoding": "WinAnsiEncoding",
                "family_name": "Arial MT",
                "font_type": "TrueType",
                "italic": false,
                "monospaced": false,
                "name": "RUYQUV+ArialMT",
                "subset": true,
                "weight": 400
            },
            "HasClip": true,
            "Lang": "en",
            "Page": 0,
            "Path": "//Document/Sect/Table[2]/TR[2]/TD[3]/P",
            "Text": "48 ",
            "TextSize": 10.080001831054688,
            "attributes": {
                "LineHeight": 12.125
            }
        },
        {
            "Bounds": [
                487.00999450683594,
                373.89320373535156,
                517.7280731201172,
                383.3482360839844
            ],
            "ClipBounds": [
                487.00999450683594,
                373.89320373535156,
                517.7280731201172,
                383.3482360839844
            ],
            "Page": 0,
            "Path": "//Document/Sect/Table[2]/TR[2]/TD[4]",
            "attributes": {
                "BBox": [
                    481.41999999999825,
                    356.1779999999999,
                    541.417999999976,
                    389.775999999998
                ],
                "BlockAlign": "Before",
                "BorderColor": [
                    0,
                    0,
                    0
                ],
                "BorderStyle": "Solid",
                "BorderThickness": [
                    0.25,
                    0.25,
                    0.25,
                    0.5
                ],
                "ColIndex": 3,
                "Height": 33.625,
                "InlineAlign": "Start",
                "RowIndex": 1,
                "Width": 60
            }
        },
        {
            "Bounds": [
                487.00999450683594,
                373.89320373535156,
                517.7280731201172,
                383.3482360839844
            ],
            "ClipBounds": [
                487.00999450683594,
                373.89320373535156,
                517.7280731201172,
                383.3482360839844
            ],
            "Font": {
                "alt_family_name": "Arial",
                "embedded": true,
                "encoding": "WinAnsiEncoding",
                "family_name": "Arial MT",
                "font_type": "TrueType",
                "italic": false,
                "monospaced": false,
                "name": "RUYQUV+ArialMT",
                "subset": true,
                "weight": 400
            },
            "HasClip": true,
            "Lang": "en",
            "Page": 0,
            "Path": "//Document/Sect/Table[2]/TR[2]/TD[4]/P",
            "Text": "$5136 ",
            "TextSize": 10.080001831054688,
            "attributes": {
                "LineHeight": 12.125
            }
        },
        {
            "Bounds": [
                77.447998046875,
                340.38319396972656,
                200.1114501953125,
                349.83824157714844
            ],
            "ClipBounds": [
                77.447998046875,
                340.38319396972656,
                200.1114501953125,
                349.83824157714844
            ],
            "Page": 0,
            "Path": "//Document/Sect/Table[2]/TR[3]/TD",
            "attributes": {
                "BBox": [
                    71.5170999999973,
                    323.778999999995,
                    358.0649999999878,
                    356.6579999999958
                ],
                "BlockAlign": "Before",
                "BorderColor": [
                    0,
                    0,
                    0
                ],
                "BorderStyle": "Solid",
                "BorderThickness": [
                    0.25,
                    0.25,
                    0.5,
                    0.25
                ],
                "ColIndex": 0,
                "Height": 32.875,
                "InlineAlign": "Start",
                "RowIndex": 2,
                "Width": 286.375
            }
        },
        {
            "Bounds": [
                77.447998046875,
                340.38319396972656,
                200.1114501953125,
                349.83824157714844
            ],
            "ClipBounds": [
                77.447998046875,
                340.38319396972656,
                200.1114501953125,
                349.83824157714844
            ],
            "Font": {
                "alt_family_name": "Arial",
                "embedded": true,
                "encoding": "WinAnsiEncoding",
                "family_name": "Arial MT",
                "font_type": "TrueType",
                "italic": false,
                "monospaced": false,
                "name": "RUYQUV+ArialMT",
                "subset": true,
                "weight": 400
            },
            "HasClip": true,
            "Lang": "en",
            "Page": 0,
            "Path": "//Document/Sect/Table[2]/TR[3]/TD/P",
            "Text": "Unbranded Concrete Chair ",
            "TextSize": 10.080001831054688,
            "attributes": {
                "LineHeight": 12.125
            }
        },
        {
            "Bounds": [
                363.82000732421875,
                340.38319396972656,
                378.3000030517578,
                349.83824157714844
            ],
            "ClipBounds": [
                363.82000732421875,
                340.38319396972656,
                378.3000030517578,
                349.83824157714844
            ],
            "Page": 0,
            "Path": "//Document/Sect/Table[2]/TR[3]/TD[2]",
            "attributes": {
                "BBox": [
                    357.58499999999185,
                    323.778999999995,
                    414.22299999999814,
                    356.6579999999958
                ],
                "BlockAlign": "Before",
                "BorderColor": [
                    0,
                    0,
                    0
                ],
                "BorderStyle": "Solid",
                "BorderThickness": 0.25,
                "ColIndex": 1,
                "Height": 32.875,
                "InlineAlign": "Start",
                "RowIndex": 2,
                "Width": 56.625
            }
        },
        {
            "Bounds": [
                363.82000732421875,
                340.38319396972656,
                378.3000030517578,
                349.83824157714844
            ],
            "ClipBounds": [
                363.82000732421875,
                340.38319396972656,
                378.3000030517578,
                349.83824157714844
            ],
            "Font": {
                "alt_family_name": "Arial",
                "embedded": true,
                "encoding": "WinAnsiEncoding",
                "family_name": "Arial MT",
                "font_type": "TrueType",
                "italic": false,
                "monospaced": false,
                "name": "RUYQUV+ArialMT",
                "subset": true,
                "weight": 400
            },
            "HasClip": true,
            "Lang": "en",
            "Page": 0,
            "Path": "//Document/Sect/Table[2]/TR[3]/TD[2]/P",
            "Text": "47 ",
            "TextSize": 10.080001831054688,
            "attributes": {
                "LineHeight": 12.125
            }
        },
        {
            "Bounds": [
                420.3800048828125,
                340.38319396972656,
                434.86000061035156,
                349.83824157714844
            ],
            "ClipBounds": [
                420.3800048828125,
                340.38319396972656,
                434.86000061035156,
                349.83824157714844
            ],
            "Page": 0,
            "Path": "//Document/Sect/Table[2]/TR[3]/TD[3]",
            "attributes": {
                "BBox": [
                    413.74299999998766,
                    323.778999999995,
                    481.8999999999942,
                    356.6579999999958
                ],
                "BlockAlign": "Before",
                "BorderColor": [
                    0,
                    0,
                    0
                ],
                "BorderStyle": "Solid",
                "BorderThickness": 0.25,
                "ColIndex": 2,
                "Height": 32.875,
                "InlineAlign": "Start",
                "RowIndex": 2,
                "Width": 68.125
            }
        },
        {
            "Bounds": [
                420.3800048828125,
                340.38319396972656,
                434.86000061035156,
                349.83824157714844
            ],
            "ClipBounds": [
                420.3800048828125,
                340.38319396972656,
                434.86000061035156,
                349.83824157714844
            ],
            "Font": {
                "alt_family_name": "Arial",
                "embedded": true,
                "encoding": "WinAnsiEncoding",
                "family_name": "Arial MT",
                "font_type": "TrueType",
                "italic": false,
                "monospaced": false,
                "name": "RUYQUV+ArialMT",
                "subset": true,
                "weight": 400
            },
            "HasClip": true,
            "Lang": "en",
            "Page": 0,
            "Path": "//Document/Sect/Table[2]/TR[3]/TD[3]/P",
            "Text": "68 ",
            "TextSize": 10.080001831054688,
            "attributes": {
                "LineHeight": 12.125
            }
        },
        {
            "Bounds": [
                487.00999450683594,
                340.38319396972656,
                517.7280731201172,
                349.83824157714844
            ],
            "ClipBounds": [
                487.00999450683594,
                340.38319396972656,
                517.7280731201172,
                349.83824157714844
            ],
            "Page": 0,
            "Path": "//Document/Sect/Table[2]/TR[3]/TD[4]",
            "attributes": {
                "BBox": [
                    481.41999999999825,
                    323.778999999995,
                    541.417999999976,
                    356.6579999999958
                ],
                "BlockAlign": "Before",
                "BorderColor": [
                    0,
                    0,
                    0
                ],
                "BorderStyle": "Solid",
                "BorderThickness": [
                    0.25,
                    0.25,
                    0.25,
                    0.5
                ],
                "ColIndex": 3,
                "Height": 32.875,
                "InlineAlign": "Start",
                "RowIndex": 2,
                "Width": 60
            }
        },
        {
            "Bounds": [
                487.00999450683594,
                340.38319396972656,
                517.7280731201172,
                349.83824157714844
            ],
            "ClipBounds": [
                487.00999450683594,
                340.38319396972656,
                517.7280731201172,
                349.83824157714844
            ],
            "Font": {
                "alt_family_name": "Arial",
                "embedded": true,
                "encoding": "WinAnsiEncoding",
                "family_name": "Arial MT",
                "font_type": "TrueType",
                "italic": false,
                "monospaced": false,
                "name": "RUYQUV+ArialMT",
                "subset": true,
                "weight": 400
            },
            "HasClip": true,
            "Lang": "en",
            "Page": 0,
            "Path": "//Document/Sect/Table[2]/TR[3]/TD[4]/P",
            "Text": "$3196 ",
            "TextSize": 10.080001831054688,
            "attributes": {
                "LineHeight": 12.125
            }
        },
        {
            "Bounds": [
                77.447998046875,
                306.9031982421875,
                182.75375366210938,
                316.3582458496094
            ],
            "ClipBounds": [
                77.447998046875,
                306.9031982421875,
                182.75375366210938,
                316.3582458496094
            ],
            "Page": 0,
            "Path": "//Document/Sect/Table[2]/TR[4]/TD",
            "attributes": {
                "BBox": [
                    71.5170999999973,
                    288.85999999998603,
                    358.0649999999878,
                    324.2589999999909
                ],
                "BlockAlign": "Before",
                "BorderColor": [
                    0,
                    0,
                    0
                ],
                "BorderStyle": "Solid",
                "BorderThickness": [
                    0.25,
                    0.625,
                    0.5,
                    0.25
                ],
                "ColIndex": 0,
                "Height": 35.375,
                "InlineAlign": "Start",
                "RowIndex": 3,
                "Width": 286.375
            }
        },
        {
            "Bounds": [
                77.447998046875,
                306.9031982421875,
                182.75375366210938,
                316.3582458496094
            ],
            "ClipBounds": [
                77.447998046875,
                306.9031982421875,
                182.75375366210938,
                316.3582458496094
            ],
            "Font": {
                "alt_family_name": "Arial",
                "embedded": true,
                "encoding": "WinAnsiEncoding",
                "family_name": "Arial MT",
                "font_type": "TrueType",
                "italic": false,
                "monospaced": false,
                "name": "RUYQUV+ArialMT",
                "subset": true,
                "weight": 400
            },
            "HasClip": true,
            "Lang": "en",
            "Page": 0,
            "Path": "//Document/Sect/Table[2]/TR[4]/TD/P",
            "Text": "Licensed Frozen Chips ",
            "TextSize": 10.080001831054688,
            "attributes": {
                "LineHeight": 12.125
            }
        },
        {
            "Bounds": [
                363.82000732421875,
                306.9031982421875,
                378.3000030517578,
                316.3582458496094
            ],
            "ClipBounds": [
                363.82000732421875,
                306.9031982421875,
                378.3000030517578,
                316.3582458496094
            ],
            "Page": 0,
            "Path": "//Document/Sect/Table[2]/TR[4]/TD[2]",
            "attributes": {
                "BBox": [
                    357.58499999999185,
                    288.85999999998603,
                    414.22299999999814,
                    324.2589999999909
                ],
                "BlockAlign": "Before",
                "BorderColor": [
                    0,
                    0,
                    0
                ],
                "BorderStyle": "Solid",
                "BorderThickness": [
                    0.25,
                    0.625,
                    0.25,
                    0.25
                ],
                "ColIndex": 1,
                "Height": 35.375,
                "InlineAlign": "Start",
                "RowIndex": 3,
                "Width": 56.625
            }
        },
        {
            "Bounds": [
                363.82000732421875,
                306.9031982421875,
                378.3000030517578,
                316.3582458496094
            ],
            "ClipBounds": [
                363.82000732421875,
                306.9031982421875,
                378.3000030517578,
                316.3582458496094
            ],
            "Font": {
                "alt_family_name": "Arial",
                "embedded": true,
                "encoding": "WinAnsiEncoding",
                "family_name": "Arial MT",
                "font_type": "TrueType",
                "italic": false,
                "monospaced": false,
                "name": "RUYQUV+ArialMT",
                "subset": true,
                "weight": 400
            },
            "HasClip": true,
            "Lang": "en",
            "Page": 0,
            "Path": "//Document/Sect/Table[2]/TR[4]/TD[2]/P",
            "Text": "14 ",
            "TextSize": 10.080001831054688,
            "attributes": {
                "LineHeight": 12.125
            }
        },
        {
            "Bounds": [
                420.3800048828125,
                306.9031982421875,
                434.86000061035156,
                316.3582458496094
            ],
            "ClipBounds": [
                420.3800048828125,
                306.9031982421875,
                434.86000061035156,
                316.3582458496094
            ],
            "Page": 0,
            "Path": "//Document/Sect/Table[2]/TR[4]/TD[3]",
            "attributes": {
                "BBox": [
                    413.74299999998766,
                    288.85999999998603,
                    481.8999999999942,
                    324.2589999999909
                ],
                "BlockAlign": "Before",
                "BorderColor": [
                    0,
                    0,
                    0
                ],
                "BorderStyle": "Solid",
                "BorderThickness": [
                    0.25,
                    0.625,
                    0.25,
                    0.25
                ],
                "ColIndex": 2,
                "Height": 35.375,
                "InlineAlign": "Start",
                "RowIndex": 3,
                "Width": 68.125
            }
        },
        {
            "Bounds": [
                420.3800048828125,
                306.9031982421875,
                434.86000061035156,
                316.3582458496094
            ],
            "ClipBounds": [
                420.3800048828125,
                306.9031982421875,
                434.86000061035156,
                316.3582458496094
            ],
            "Font": {
                "alt_family_name": "Arial",
                "embedded": true,
                "encoding": "WinAnsiEncoding",
                "family_name": "Arial MT",
                "font_type": "TrueType",
                "italic": false,
                "monospaced": false,
                "name": "RUYQUV+ArialMT",
                "subset": true,
                "weight": 400
            },
            "HasClip": true,
            "Lang": "en",
            "Page": 0,
            "Path": "//Document/Sect/Table[2]/TR[4]/TD[3]/P",
            "Text": "34 ",
            "TextSize": 10.080001831054688,
            "attributes": {
                "LineHeight": 12.125
            }
        },
        {
            "Bounds": [
                487.00999450683594,
                306.9031982421875,
                512.3251953125,
                316.3582458496094
            ],
            "ClipBounds": [
                487.00999450683594,
                306.9031982421875,
                512.3251953125,
                316.3582458496094
            ],
            "Page": 0,
            "Path": "//Document/Sect/Table[2]/TR[4]/TD[4]",
            "attributes": {
                "BBox": [
                    481.41999999999825,
                    288.85999999998603,
                    541.417999999976,
                    324.2589999999909
                ],
                "BlockAlign": "Before",
                "BorderColor": [
                    0,
                    0,
                    0
                ],
                "BorderStyle": "Solid",
                "BorderThickness": [
                    0.25,
                    0.625,
                    0.25,
                    0.5
                ],
                "ColIndex": 3,
                "Height": 35.375,
                "InlineAlign": "Start",
                "RowIndex": 3,
                "Width": 60
            }
        },
        {
            "Bounds": [
                487.00999450683594,
                306.9031982421875,
                512.3251953125,
                316.3582458496094
            ],
            "ClipBounds": [
                487.00999450683594,
                306.9031982421875,
                512.3251953125,
                316.3582458496094
            ],
            "Font": {
                "alt_family_name": "Arial",
                "embedded": true,
                "encoding": "WinAnsiEncoding",
                "family_name": "Arial MT",
                "font_type": "TrueType",
                "italic": false,
                "monospaced": false,
                "name": "RUYQUV+ArialMT",
                "subset": true,
                "weight": 400
            },
            "HasClip": true,
            "Lang": "en",
            "Page": 0,
            "Path": "//Document/Sect/Table[2]/TR[4]/TD[4]/P",
            "Text": "$476 ",
            "TextSize": 10.080001831054688,
            "attributes": {
                "LineHeight": 12.125
            }
        },
        {
            "Bounds": [
                77.447998046875,
                193.43319702148438,
                516.6336822509766,
                236.3982391357422
            ],
            "ClipBounds": [
                77.447998046875,
                193.43319702148438,
                516.6336822509766,
                236.3982391357422
            ],
            "Page": 0,
            "Path": "//Document/Sect/Table[3]",
            "attributes": {
                "BBox": [
                    77.03689999999915,
                    195.62399999999616,
                    514.0589999999793,
                    234.74299999999494
                ],
                "NumCol": 2,
                "NumRow": 2,
                "Placement": "Block",
                "SpaceAfter": 18
            }
        },
        {
            "Bounds": [
                77.447998046875,
                226.94320678710938,
                120.4593505859375,
                236.3982391357422
            ],
            "ClipBounds": [
                77.447998046875,
                226.94320678710938,
                120.4593505859375,
                236.3982391357422
            ],
            "Page": 0,
            "Path": "//Document/Sect/Table[3]/TR/TD",
            "attributes": {
                "BBox": [
                    77.03689999999915,
                    210.26399999999558,
                    358.54499999999825,
                    234.74299999999494
                ],
                "BlockAlign": "Before",
                "ColIndex": 0,
                "Height": 24.5,
                "InlineAlign": "Start",
                "RowIndex": 0,
                "Width": 281.5
            }
        },
        {
            "Bounds": [
                77.447998046875,
                226.94320678710938,
                120.4593505859375,
                236.3982391357422
            ],
            "ClipBounds": [
                77.447998046875,
                226.94320678710938,
                120.4593505859375,
                236.3982391357422
            ],
            "Font": {
                "alt_family_name": "Arial",
                "embedded": true,
                "encoding": "WinAnsiEncoding",
                "family_name": "Arial",
                "font_type": "TrueType",
                "italic": false,
                "monospaced": false,
                "name": "HXVIKP+Arial-BoldMT",
                "subset": true,
                "weight": 700
            },
            "HasClip": true,
            "Lang": "en",
            "Page": 0,
            "Path": "//Document/Sect/Table[3]/TR/TD/P",
            "Text": "Subtotal ",
            "TextSize": 10.080001831054688,
            "attributes": {
                "LineHeight": 12.125
            }
        },
        {
            "Bounds": [
                485.92999267578125,
                226.94320678710938,
                516.6336822509766,
                236.3982391357422
            ],
            "ClipBounds": [
                485.92999267578125,
                226.94320678710938,
                516.6336822509766,
                236.3982391357422
            ],
            "Page": 0,
            "Path": "//Document/Sect/Table[3]/TR/TD[2]",
            "attributes": {
                "BBox": [
                    358.54499999999825,
                    210.26399999999558,
                    514.0589999999793,
                    234.74299999999494
                ],
                "BlockAlign": "Before",
                "ColIndex": 1,
                "Height": 24.5,
                "InlineAlign": "End",
                "RowIndex": 0,
                "Width": 155.5
            }
        },
        {
            "Bounds": [
                485.92999267578125,
                226.94320678710938,
                516.6336822509766,
                236.3982391357422
            ],
            "ClipBounds": [
                485.92999267578125,
                226.94320678710938,
                516.6336822509766,
                236.3982391357422
            ],
            "Font": {
                "alt_family_name": "Arial",
                "embedded": true,
                "encoding": "WinAnsiEncoding",
                "family_name": "Arial MT",
                "font_type": "TrueType",
                "italic": false,
                "monospaced": false,
                "name": "RUYQUV+ArialMT",
                "subset": true,
                "weight": 400
            },
            "HasClip": true,
            "Lang": "en",
            "Page": 0,
            "Path": "//Document/Sect/Table[3]/TR/TD[2]/P",
            "Text": "$8924 ",
            "TextSize": 10.080001831054688,
            "attributes": {
                "LineHeight": 12.125
            }
        },
        {
            "Bounds": [
                77.447998046875,
                193.43319702148438,
                109.73143005371094,
                202.88824462890625
            ],
            "ClipBounds": [
                77.447998046875,
                193.43319702148438,
                109.73143005371094,
                202.88824462890625
            ],
            "Page": 0,
            "Path": "//Document/Sect/Table[3]/TR[2]/TD",
            "attributes": {
                "BBox": [
                    77.03689999999915,
                    195.62399999999616,
                    358.54499999999825,
                    210.26399999999558
                ],
                "BlockAlign": "After",
                "ColIndex": 0,
                "Height": 14.625,
                "InlineAlign": "Start",
                "RowIndex": 1,
                "Width": 281.5
            }
        },
        {
            "Bounds": [
                77.447998046875,
                193.43319702148438,
                109.73143005371094,
                202.88824462890625
            ],
            "ClipBounds": [
                77.447998046875,
                193.43319702148438,
                109.73143005371094,
                202.88824462890625
            ],
            "Font": {
                "alt_family_name": "Arial",
                "embedded": true,
                "encoding": "WinAnsiEncoding",
                "family_name": "Arial",
                "font_type": "TrueType",
                "italic": false,
                "monospaced": false,
                "name": "HXVIKP+Arial-BoldMT",
                "subset": true,
                "weight": 700
            },
            "HasClip": true,
            "Lang": "en",
            "Page": 0,
            "Path": "//Document/Sect/Table[3]/TR[2]/TD/P",
            "Text": "Tax % ",
            "TextSize": 10.080001831054688,
            "attributes": {
                "LineHeight": 12.125
            }
        },
        {
            "Bounds": [
                485.92999267578125,
                193.43319702148438,
                500.4100036621094,
                202.88824462890625
            ],
            "ClipBounds": [
                485.92999267578125,
                193.43319702148438,
                500.4100036621094,
                202.88824462890625
            ],
            "Page": 0,
            "Path": "//Document/Sect/Table[3]/TR[2]/TD[2]",
            "attributes": {
                "BBox": [
                    358.54499999999825,
                    195.62399999999616,
                    514.0589999999793,
                    210.26399999999558
                ],
                "BlockAlign": "After",
                "ColIndex": 1,
                "Height": 14.625,
                "InlineAlign": "End",
                "RowIndex": 1,
                "Width": 155.5
            }
        },
        {
            "Bounds": [
                485.92999267578125,
                193.43319702148438,
                500.4100036621094,
                202.88824462890625
            ],
            "ClipBounds": [
                485.92999267578125,
                193.43319702148438,
                500.4100036621094,
                202.88824462890625
            ],
            "Font": {
                "alt_family_name": "Arial",
                "embedded": true,
                "encoding": "WinAnsiEncoding",
                "family_name": "Arial MT",
                "font_type": "TrueType",
                "italic": false,
                "monospaced": false,
                "name": "RUYQUV+ArialMT",
                "subset": true,
                "weight": 400
            },
            "HasClip": true,
            "Lang": "en",
            "Page": 0,
            "Path": "//Document/Sect/Table[3]/TR[2]/TD[2]/P",
            "Text": "10 ",
            "TextSize": 10.080001831054688,
            "attributes": {
                "LineHeight": 12.125
            }
        },
        {
            "Bounds": [
                77.447998046875,
                95.82719421386719,
                126.14447021484375,
                105.28224182128906
            ],
            "ClipBounds": [
                77.447998046875,
                95.82719421386719,
                126.14447021484375,
                105.28224182128906
            ],
            "Font": {
                "alt_family_name": "Arial",
                "embedded": true,
                "encoding": "WinAnsiEncoding",
                "family_name": "Arial",
                "font_type": "TrueType",
                "italic": false,
                "monospaced": false,
                "name": "HXVIKP+Arial-BoldMT",
                "subset": true,
                "weight": 700
            },
            "HasClip": true,
            "Lang": "en",
            "Page": 0,
            "Path": "//Document/Sect[2]/H1",
            "Text": "Total Due ",
            "TextSize": 10.080001831054688,
            "attributes": {
                "SpaceAfter": 16.125
            }
        },
        {
            "Bounds": [
                485.92999267578125,
                93.89399719238281,
                521.1019897460938,
                102.33599853515625
            ],
            "ClipBounds": [
                485.92999267578125,
                93.89399719238281,
                521.1019897460938,
                102.33599853515625
            ],
            "Font": {
                "alt_family_name": "Arial",
                "embedded": true,
                "encoding": "WinAnsiEncoding",
                "family_name": "Arial MT",
                "font_type": "TrueType",
                "italic": false,
                "monospaced": false,
                "name": "RUYQUV+ArialMT",
                "subset": true,
                "weight": 400
            },
            "HasClip": true,
            "Lang": "en",
            "Page": 0,
            "Path": "//Document/Sect[2]/P",
            "Text": "$9816.4 ",
            "TextSize": 9,
            "attributes": {
                "LineHeight": 10.75
            }
        }
    ],
    "pages": [
        {
            "boxes": {
                "CropBox": [
                    0,
                    0,
                    612,
                    792
                ],
                "MediaBox": [
                    0,
                    0,
                    612,
                    792
                ]
            },
            "height": 792,
            "is_scanned": false,
            "page_number": 0,
            "rotation": 0,
            "width": 612
        }
    ]
}