{
    "version": {
        "json_export": "187",
        "page_segmentation": "5",
        "schema": "1.1.0",
        "structure": "1.1036.0",
        "table_structure": "5"
    },
    "extended_metadata": {
        "ID_instance": "A2 AF C1 AA 42 B7 B2 11 0A 00 67 45 8B 6B C6 23 ",
        "ID_permanent": "33 41 20 30 45 20 42 46 20 41 41 20 34 32 20 42 37 20 42 32 20 31 31 20 30 41 20 30 30 20 36 37 20 34 35 20 38 42 20 36 42 20 43 36 20 32 33 20 ",
        "pdf_version": "1.6",
        "pdfa_compliance_level": "",
        "is_encrypted": false,
        "has_acroform": false,
        "is_digitally_signed": false,
        "pdfua_compliance_level": "",
        "page_count": 1,
        "has_embedded_files": false,
        "is_certified": false,
        "is_XFA": false,
        "language": "en-US"
    },
    "elements": [
        {
            "Bounds": [
                76.72799682617188,
                734.4232025146484,
                171.43968200683594,
                743.8782348632812
            ],
            "ClipBounds": [
                76.72799682617188,
                734.4232025146484,
                171.43968200683594,
                743.8782348632812
            ],
            "Font": {
                "alt_family_name": "Arial",
                "embedded": true,
                "encoding": "WinAnsiEncoding",
                "family_name": "Arial",
                "font_type": "TrueType",
                "italic": false,
                "monospaced": false,
                "name": "KSIAAT+Arial-BoldMT",
                "subset": true,
                "weight": 700
            },
            "HasClip": true,
            "Lang": "en",
            "Page": 0,
            "Path": "//Document/Sect/P",
            "Text": "NearBy Electronics ",
            "TextSize": 10.080001831054688
        },
        {
            "Bounds": [
                76.72799682617188,
                721.1031951904297,
                214.52447509765625,
                730.5582427978516
            ],
            "ClipBounds": [
                76.72799682617188,
                721.1031951904297,
                214.52447509765625,
                730.5582427978516
            ],
            "Font": {
                "alt_family_name": "Arial",
                "embedded": true,
                "encoding": "WinAnsiEncoding",
                "family_name": "Arial MT",
                "font_type": "TrueType",
                "italic": false,
                "monospaced": false,
                "name": "TQWCWB+ArialMT",
                "subset": true,
                "weight": 400
            },
            "HasClip": true,
            "Page": 0,
            "Path": "//Document/Sect/P[2]/Sub",
            "Text": "3741 Glory Road, Jamestown, ",
            "TextSize": 10.080001831054688,
            "attributes": {
                "Placement": "Block"
            }
        },
        {
            "Bounds": [
                76.72799682617188,
                708.1132049560547,
                155.30166625976562,
                717.5682373046875
            ],
            "ClipBounds": [
                76.72799682617188,
                708.1132049560547,
                155.30166625976562,
                717.5682373046875
            ],
            "Font": {
                "alt_family_name": "Arial",
                "embedded": true,
                "encoding": "WinAnsiEncoding",
                "family_name": "Arial MT",
                "font_type": "TrueType",
                "italic": false,
                "monospaced": false,
                "name": "TQWCWB+ArialMT",
                "subset": true,
                "weight": 400
            },
            "HasClip": true,
            "Page": 0,
            "Path": "//Document/Sect/P[2]/Sub[2]",
            "Text": "Tennessee, USA ",
            "TextSize": 10.080001831054688,
            "attributes": {
                "Placement": "Block"
            }
        },
        {
            "Bounds": [
                76.72799682617188,
                694.7931976318359,
                107.43167114257812,
                704.2482452392578
            ],
            "ClipBounds": [
                76.72799682617188,
                694.7931976318359,
                107.43167114257812,
                704.2482452392578
            ],
            "Font": {
                "alt_family_name": "Arial",
                "embedded": true,
                "encoding": "WinAnsiEncoding",
                "family_name": "Arial MT",
                "font_type": "TrueType",
                "italic": false,
                "monospaced": false,
                "name": "TQWCWB+ArialMT",
                "subset": true,
                "weight": 400
            },
            "HasClip": true,
            "Page": 0,
            "Path": "//Document/Sect/P[2]/Sub[3]",
            "Text": "38556 ",
            "TextSize": 10.080001831054688,
            "attributes": {
                "Placement": "Block"
            }
        },
        {
            "Bounds": [
                499.99000549316406,
                734.4232025146484,
                542.9308013916016,
                743.8782348632812
            ],
            "ClipBounds": [
                499.99000549316406,
                734.4232025146484,
                542.9308013916016,
                743.8782348632812
            ],
            "Font": {
                "alt_family_name": "Arial",
                "embedded": true,
                "encoding": "WinAnsiEncoding",
                "family_name": "Arial",
                "font_type": "TrueType",
                "italic": false,
                "monospaced": false,
                "name": "KSIAAT+Arial-BoldMT",
                "subset": true,
                "weight": 700
            },
            "HasClip": true,
            "Lang": "en",
            "Page": 0,
            "Path": "//Document/Sect/P[3]",
            "Text": "Invoice# ",
            "TextSize": 10.080001831054688,
            "attributes": {
                "LineHeight": 12.125,
                "TextAlign": "End"
            }
        },
        {
            "Bounds": [
                354.4600067138672,
                694.7931976318359,
                543.3080749511719,
                730.5582427978516
            ],
            "ClipBounds": [
                354.4600067138672,
                694.7931976318359,
                543.3080749511719,
                730.5582427978516
            ],
            "Font": {
                "alt_family_name": "Arial",
                "embedded": true,
                "encoding": "WinAnsiEncoding",
                "family_name": "Arial MT",
                "font_type": "TrueType",
                "italic": false,
                "monospaced": false,
                "name": "TQWCWB+ArialMT",
                "subset": true,
                "weight": 400
            },
            "HasClip": true,
            "Lang": "en",
            "Page": 0,
            "Path": "//Document/Sect/P[4]",
            "Text": "AZ09UNDM26BG06WQ2L4HXN3GN03P Issue date 12-05-2023 ",
            "TextSize": 10.080001831054688,
            "attributes": {
                "LineHeight": 13.125,
                "TextAlign": "End"
            }
        },
        {
            "Bounds": [
                76.72799682617188,
                636.5885620117188,
                295.7052459716797,
                659.9109954833984
            ],
            "ClipBounds": [
                76.72799682617188,
                636.5885620117188,
                295.7052459716797,
                659.9109954833984
            ],
            "Font": {
                "alt_family_name": "Arial",
                "embedded": true,
                "encoding": "WinAnsiEncoding",
                "family_name": "Arial MT",
                "font_type": "TrueType",
                "italic": false,
                "monospaced": false,
                "name": "TQWCWB+ArialMT",
                "subset": true,
                "weight": 400
            },
            "HasClip": true,
            "Lang": "en",
            "Page": 0,
            "Path": "//Document/Sect/Title",
            "Text": "NearBy Electronics ",
            "TextSize": 24.863998413085938,
            "attributes": {
                "LineHeight": 29.875,
                "SpaceAfter": 7
            }
        },
        {
            "Bounds": [
                76.72799682617188,
                620.6132049560547,
                460.8868713378906,
                630.0682373046875
            ],
            "ClipBounds": [
                76.72799682617188,
                620.6132049560547,
                460.8868713378906,
                630.0682373046875
            ],
            "Font": {
                "alt_family_name": "Arial",
                "embedded": true,
                "encoding": "WinAnsiEncoding",
                "family_name": "Arial MT",
                "font_type": "TrueType",
                "italic": false,
                "monospaced": false,
                "name": "TQWCWB+ArialMT",
                "subset": true,
                "weight": 400
            },
            "HasClip": true,
            "Lang": "en",
            "Page": 0,
            "Path": "//Document/Sect/P[5]",
            "Text": "We are here to serve you better. Reach out to us in case of any concern or feedbacks. ",
            "TextSize": 10.080001831054688,
            "attributes": {
                "SpaceAfter": 18
            }
        },
        {
            "Bounds": [
                81.04800415039062,
                501.7431945800781,
                513.0480804443359,
                577.1182403564453
            ],
            "ClipBounds": [
                81.04800415039062,
                501.7431945800781,
                513.0480804443359,
                577.1182403564453
            ],
            "Page": 0,
            "Path": "//Document/Sect/Table",
            "attributes": {
                "BBox": [
                    80.99669999999969,
                    503.89199999999255,
                    558.2169999999751,
                    575.4089999999851
                ],
                "NumCol": 3,
                "NumRow": 4,
                "Placement": "Block",
                "SpaceAfter": 18
            }
        },
        {
            "Bounds": [
                81.04800415039062,
                567.6631927490234,
                122.99087524414062,
                577.1182403564453
            ],
            "ClipBounds": [
                81.04800415039062,
                567.6631927490234,
                122.99087524414062,
                577.1182403564453
            ],
            "Page": 0,
            "Path": "//Document/Sect/Table/TR/TH",
            "attributes": {
                "BBox": [
                    80.99669999999969,
                    566.6489999999758,
                    216.7109999999957,
                    575.4089999999851
                ],
                "BlockAlign": "Before",
                "ColIndex": 0,
                "Height": 8.75,
                "InlineAlign": "Start",
                "RowIndex": 0,
                "Width": 135.75
            }
        },
        {
            "Bounds": [
                81.04800415039062,
                567.6631927490234,
                122.99087524414062,
                577.1182403564453
            ],
            "ClipBounds": [
                81.04800415039062,
                567.6631927490234,
                122.99087524414062,
                577.1182403564453
            ],
            "Font": {
                "alt_family_name": "Arial",
                "embedded": true,
                "encoding": "WinAnsiEncoding",
                "family_name": "Arial",
                "font_type": "TrueType",
                "italic": false,
                "monospaced": false,
                "name": "KSIAAT+Arial-BoldMT",
                "subset": true,
                "weight": 700
            },
            "HasClip": true,
            "Lang": "en",
            "Page": 0,
            "Path": "//Document/Sect/Table/TR/TH/P",
            "Text": "BILL TO ",
            "TextSize": 10.080001831054688,
            "attributes": {
                "LineHeight": 12.125
            }
        },
        {
            "Bounds": [
                240.25999450683594,
                567.6631927490234,
                286.1240692138672,
                577.1182403564453
            ],
            "ClipBounds": [
                240.25999450683594,
                567.6631927490234,
                286.1240692138672,
                577.1182403564453
            ],
            "Page": 0,
            "Path": "//Document/Sect/Table/TR/TH[2]",
            "attributes": {
                "BBox": [
                    216.7109999999957,
                    566.6489999999758,
                    403.903999999995,
                    575.4089999999851
                ],
                "BlockAlign": "Before",
                "ColIndex": 1,
                "Height": 8.75,
                "InlineAlign": "Start",
                "RowIndex": 0,
                "Width": 187.25
            }
        },
        {
            "Bounds": [
                240.25999450683594,
                567.6631927490234,
                286.1240692138672,
                577.1182403564453
            ],
            "ClipBounds": [
                240.25999450683594,
                567.6631927490234,
                286.1240692138672,
                577.1182403564453
            ],
            "Font": {
                "alt_family_name": "Arial",
                "embedded": true,
                "encoding": "WinAnsiEncoding",
                "family_name": "Arial",
                "font_type": "TrueType",
                "italic": false,
                "monospaced": false,
                "name": "KSIAAT+Arial-BoldMT",
                "subset": true,
                "weight": 700
            },
            "HasClip": true,
            "Lang": "en",
            "Page": 0,
            "Path": "//Document/Sect/Table/TR/TH[2]/P",
            "Text": "DETAILS ",
            "TextSize": 10.080001831054688,
            "attributes": {
                "LineHeight": 12.125
            }
        },
        {
            "Bounds": [
                412.8000030517578,
                567.6631927490234,
                464.58103942871094,
                577.1182403564453
            ],
            "ClipBounds": [
                412.8000030517578,
                567.6631927490234,
                464.58103942871094,
                577.1182403564453
            ],
            "Page": 0,
            "Path": "//Document/Sect/Table/TR/TH[3]",
            "attributes": {
                "BBox": [
                    403.903999999995,
                    566.6489999999758,
                    558.2169999999751,
                    575.4089999999851
                ],
                "BlockAlign": "Before",
                "ColIndex": 2,
                "Height": 8.75,
                "InlineAlign": "Start",
                "RowIndex": 0,
                "Width": 154.375
            }
        },
        {
            "Bounds": [
                412.8000030517578,
                567.6631927490234,
                464.58103942871094,
                577.1182403564453
            ],
            "ClipBounds": [
                412.8000030517578,
                567.6631927490234,
                464.58103942871094,
                577.1182403564453
            ],
            "Font": {
                "alt_family_name": "Arial",
                "embedded": true,
                "encoding": "WinAnsiEncoding",
                "family_name": "Arial",
                "font_type": "TrueType",
                "italic": false,
                "monospaced": false,
                "name": "KSIAAT+Arial-BoldMT",
                "subset": true,
                "weight": 700
            },
            "HasClip": true,
            "Lang": "en",
            "Page": 0,
            "Path": "//Document/Sect/Table/TR/TH[3]/P",
            "Text": "PAYMENT ",
            "TextSize": 10.080001831054688,
            "attributes": {
                "LineHeight": 12.125
            }
        },
        {
            "Bounds": [
                81.04800415039062,
                554.6831970214844,
                136.81048583984375,
                564.1382446289062
            ],
            "ClipBounds": [
                81.04800415039062,
                554.6831970214844,
                136.81048583984375,
                564.1382446289062
            ],
            "Page": 0,
            "Path": "//Document/Sect/Table/TR[2]/TD",
            "attributes": {
                "BBox": [
                    80.99669999999969,
                    553.6899999999732,
                    216.7109999999957,
                    566.6489999999758
                ],
                "BlockAlign": "Middle",
                "ColIndex": 0,
                "Height": 13,
                "InlineAlign": "Start",
                "RowIndex": 1,
                "Width": 135.75
            }
        },
        {
            "Bounds": [
                81.04800415039062,
                554.6831970214844,
                136.81048583984375,
                564.1382446289062
            ],
            "ClipBounds": [
                81.04800415039062,
                554.6831970214844,
                136.81048583984375,
                564.1382446289062
            ],
            "Font": {
                "alt_family_name": "Arial",
                "embedded": true,
                "encoding": "WinAnsiEncoding",
                "family_name": "Arial MT",
                "font_type": "TrueType",
                "italic": false,
                "monospaced": false,
                "name": "TQWCWB+ArialMT",
                "subset": true,
                "weight": 400
            },
            "HasClip": true,
            "Lang": "en",
            "Page": 0,
            "Path": "//Document/Sect/Table/TR[2]/TD/P",
            "Text": "Terri Ernser ",
            "TextSize": 10.080001831054688,
            "attributes": {
                "LineHeight": 12.125
            }
        },
        {
            "Bounds": [
                240.25999450683594,
                554.6831970214844,
                371.3201599121094,
                564.1382446289062
            ],
            "ClipBounds": [
                240.25999450683594,
                554.6831970214844,
                371.3201599121094,
                564.1382446289062
            ],
            "Page": 0,
            "Path": "//Document/Sect/Table/TR[2]/TD[2]",
            "attributes": {
                "BBox": [
                    216.7109999999957,
                    553.6899999999732,
                    403.903999999995,
                    566.6489999999758
                ],
                "BlockAlign": "Middle",
                "ColIndex": 1,
                "Height": 13,
                "InlineAlign": "Center",
                "RowIndex": 1,
                "Width": 187.25
            }
        },
        {
            "Bounds": [
                240.25999450683594,
                554.6831970214844,
                371.3201599121094,
                564.1382446289062
            ],
            "ClipBounds": [
                240.25999450683594,
                554.6831970214844,
                371.3201599121094,
                564.1382446289062
            ],
            "Font": {
                "alt_family_name": "Arial",
                "embedded": true,
                "encoding": "WinAnsiEncoding",
                "family_name": "Arial MT",
                "font_type": "TrueType",
                "italic": false,
                "monospaced": false,
                "name": "TQWCWB+ArialMT",
                "subset": true,
                "weight": 400
            },
            "HasClip": true,
            "Lang": "en",
            "Page": 0,
            "Path": "//Document/Sect/Table/TR[2]/TD[2]/P",
            "Text": "ea exercitation ullamco mollit ",
            "TextSize": 10.080001831054688,
            "attributes": {
                "LineHeight": 12.125
            }
        },
        {
            "Bounds": [
                412.8000030517578,
                554.6831970214844,
                513.0480804443359,
                564.1382446289062
            ],
            "ClipBounds": [
                412.8000030517578,
                554.6831970214844,
                513.0480804443359,
                564.1382446289062
            ],
            "Page": 0,
            "Path": "//Document/Sect/Table/TR[2]/TD[3]",
            "attributes": {
                "BBox": [
                    403.903999999995,
                    553.6899999999732,
                    558.2169999999751,
                    566.6489999999758
                ],
                "BlockAlign": "Middle",
                "ColIndex": 2,
                "Height": 13,
                "InlineAlign": "Start",
                "RowIndex": 1,
                "Width": 154.375
            }
        },
        {
            "Bounds": [
                412.8000030517578,
                554.6831970214844,
                513.0480804443359,
                564.1382446289062
            ],
            "ClipBounds": [
                412.8000030517578,
                554.6831970214844,
                513.0480804443359,
                564.1382446289062
            ],
            "Font": {
                "alt_family_name": "Arial",
                "embedded": true,
                "encoding": "WinAnsiEncoding",
                "family_name": "Arial MT",
                "font_type": "TrueType",
                "italic": false,
                "monospaced": false,
                "name": "TQWCWB+ArialMT",
                "subset": true,
                "weight": 400
            },
            "HasClip": true,
            "Lang": "en",
            "Page": 0,
            "Path": "//Document/Sect/Table/TR[2]/TD[3]/P",
            "Text": "Due date: 02-07-2023 ",
            "TextSize": 10.080001831054688,
            "attributes": {
                "LineHeight": 12.125
            }
        },
        {
            "Bounds": [
                81.04800415039062,
                541.3632049560547,
                195.8188018798828,
                550.8182373046875
            ],
            "ClipBounds": [
                81.04800415039062,
                541.3632049560547,
                195.8188018798828,
                550.8182373046875
            ],
            "Page": 0,
            "Path": "//Document/Sect/Table/TR[3]/TD",
            "attributes": {
                "BBox": [
                    80.99669999999969,
                    539.289999999979,
                    216.7109999999957,
                    553.6899999999732
                ],
                "BlockAlign": "Middle",
                "ColIndex": 0,
                "Height": 14.375,
                "InlineAlign": "Start",
                "RowIndex": 2,
                "Width": 135.75
            }
        },
        {
            "Bounds": [
                81.04800415039062,
                541.3632049560547,
                195.8188018798828,
                550.8182373046875
            ],
            "ClipBounds": [
                81.04800415039062,
                541.3632049560547,
                195.8188018798828,
                550.8182373046875
            ],
            "Font": {
                "alt_family_name": "Arial",
                "embedded": true,
                "encoding": "WinAnsiEncoding",
                "family_name": "Arial MT",
                "font_type": "TrueType",
                "italic": false,
                "monospaced": false,
                "name": "TQWCWB+ArialMT",
                "subset": true,
                "weight": 400
            },
            "HasClip": true,
            "Lang": "en",
            "Page": 0,
            "Path": "//Document/Sect/Table/TR[3]/TD/P",
            "Text": "Terri.Ernser@yahoo.com ",
            "TextSize": 10.080001831054688,
            "attributes": {
                "LineHeight": 12.125
            }
        },
        {
            "Bounds": [
                240.25999450683594,
                541.3632049560547,
                371.5317687988281,
                550.8182373046875
            ],
            "ClipBounds": [
                240.25999450683594,
                541.3632049560547,
                371.5317687988281,
                550.8182373046875
            ],
            "Page": 0,
            "Path": "//Document/Sect/Table/TR[3]/TD[2]",
            "attributes": {
                "BBox": [
                    216.7109999999957,
                    539.289999999979,
                    403.903999999995,
                    553.6899999999732
                ],
                "BlockAlign": "Middle",
                "ColIndex": 1,
                "Height": 14.375,
                "InlineAlign": "Center",
                "RowIndex": 2,
                "Width": 187.25
            }
        },
        {
            "Bounds": [
                240.25999450683594,
                541.3632049560547,
                371.5317687988281,
                550.8182373046875
            ],
            "ClipBounds": [
                240.25999450683594,
                541.3632049560547,
                371.5317687988281,
                550.8182373046875
            ],
            "Font": {
                "alt_family_name": "Arial",
                "embedded": true,
                "encoding": "WinAnsiEncoding",
                "family_name": "Arial MT",
                "font_type": "TrueType",
                "italic": false,
                "monospaced": false,
                "name": "TQWCWB+ArialMT",
                "subset": true,
                "weight": 400
            },
            "HasClip": true,
            "Lang": "no",
            "Page": 0,
            "Path": "//Document/Sect/Table/TR[3]/TD[2]/P",
            "Text": "incididunt magna in ut Lorem ",
            "TextSize": 10.080001831054688,
            "attributes": {
                "LineHeight": 12.125
            }
        },
        {
            "Path": "//Document/Sect/Table/TR[3]/TD[3]",
            "attributes": {
                "BBox": [
                    403.903999999995,
                    539.289999999979,
                    558.2169999999751,
                    553.6899999999732
                ],
                "BlockAlign": "Before",
                "ColIndex": 2,
                "Height": 14.375,
                "InlineAlign": "Start",
                "RowIndex": 2,
                "Width": 154.375
            }
        },
        {
            "Bounds": [
                81.04800415039062,
                501.7431945800781,
                159.7123260498047,
                537.4982452392578
            ],
            "ClipBounds": [
                81.04800415039062,
                501.7431945800781,
                159.7123260498047,
                537.4982452392578
            ],
            "Page": 0,
            "Path": "//Document/Sect/Table/TR[4]/TD",
            "attributes": {
                "BBox": [
                    80.99669999999969,
                    503.89199999999255,
                    216.7109999999957,
                    539.289999999979
                ],
                "BlockAlign": "After",
                "ColIndex": 0,
                "Height": 35.375,
                "InlineAlign": "Start",
                "RowIndex": 3,
                "Width": 135.75
            }
        },
        {
            "Bounds": [
                81.04800415039062,
                501.7431945800781,
                159.7123260498047,
                537.4982452392578
            ],
            "ClipBounds": [
                81.04800415039062,
                501.7431945800781,
                159.7123260498047,
                537.4982452392578
            ],
            "Font": {
                "alt_family_name": "Arial",
                "embedded": true,
                "encoding": "WinAnsiEncoding",
                "family_name": "Arial MT",
                "font_type": "TrueType",
                "italic": false,
                "monospaced": false,
                "name": "TQWCWB+ArialMT",
                "subset": true,
                "weight": 400
            },
            "HasClip": true,
            "Lang": "en",
            "Page": 0,
            "Path": "//Document/Sect/Table/TR[4]/TD/P",
            "Text": "415-897-1517 231 Jayne Fields Mwanza ",
            "TextSize": 10.080001831054688,
            "attributes": {
                "LineHeight": 13.125
            }
        },
        {
            "Bounds": [
                240.25999450683594,
                514.7232055664062,
                368.7598419189453,
                537.4982452392578
            ],
            "ClipBounds": [
                240.25999450683594,
                514.7232055664062,
                368.7598419189453,
                537.4982452392578
            ],
            "Page": 0,
            "Path": "//Document/Sect/Table/TR[4]/TD[2]",
            "attributes": {
                "BBox": [
                    216.7109999999957,
                    503.89199999999255,
                    403.903999999995,
                    539.289999999979
                ],
                "BlockAlign": "Before",
                "ColIndex": 1,
                "Height": 35.375,
                "InlineAlign": "Center",
                "RowIndex": 3,
                "Width": 187.25
            }
        },
        {
            "Bounds": [
                240.25999450683594,
                514.7232055664062,
                368.7598419189453,
                537.4982452392578
            ],
            "ClipBounds": [
                240.25999450683594,
                514.7232055664062,
                368.7598419189453,
                537.4982452392578
            ],
            "Font": {
                "alt_family_name": "Arial",
                "embedded": true,
                "encoding": "WinAnsiEncoding",
                "family_name": "Arial MT",
                "font_type": "TrueType",
                "italic": false,
                "monospaced": false,
                "name": "TQWCWB+ArialMT",
                "subset": true,
                "weight": 400
            },
            "HasClip": true,
            "Lang": "en",
            "Page": 0,
            "Path": "//Document/Sect/Table/TR[4]/TD[2]/P",
            "Text": "irure officia veniam aute non sunt minim ",
            "TextSize": 10.080001831054688,
            "attributes": {
                "LineHeight": 13.375
            }
        },
        {
            "Bounds": [
                410.63999938964844,
                522.056396484375,
                453.7554016113281,
                532.5244750976562
            ],
            "ClipBounds": [
                410.63999938964844,
                522.056396484375,
                453.7554016113281,
                532.5244750976562
            ],
            "Page": 0,
            "Path": "//Document/Sect/Table/TR[4]/TD[3]",
            "attributes": {
                "BBox": [
                    403.903999999995,
                    503.89199999999255,
                    558.2169999999751,
                    539.289999999979
                ],
                "BlockAlign": "Before",
                "ColIndex": 2,
                "Height": 35.375,
                "InlineAlign": "Start",
                "RowIndex": 3,
                "Width": 154.375
            }
        },
        {
            "Bounds": [
                410.63999938964844,
                522.056396484375,
                453.7554016113281,
                532.5244750976562
            ],
            "ClipBounds": [
                410.63999938964844,
                522.056396484375,
                453.7554016113281,
                532.5244750976562
            ],
            "Font": {
                "alt_family_name": "Arial",
                "embedded": true,
                "encoding": "WinAnsiEncoding",
                "family_name": "Arial",
                "font_type": "TrueType",
                "italic": false,
                "monospaced": false,
                "name": "KSIAAT+Arial-BoldMT",
                "subset": true,
                "weight": 700
            },
            "HasClip": true,
            "Lang": "en",
            "Page": 0,
            "Path": "//Document/Sect/Table/TR[4]/TD[3]/P",
            "Text": "$4038.1 ",
            "TextSize": 11.160003662109375,
            "attributes": {
                "LineHeight": 13.375
            }
        },
        {
            "Bounds": [
                77.447998046875,
                430.0731964111328,
                530.1510314941406,
                439.5282440185547
            ],
            "ClipBounds": [
                77.447998046875,
                430.0731964111328,
                530.1510314941406,
                439.5282440185547
            ],
            "Page": 0,
            "Path": "//Document/Sect/Table[2]",
            "attributes": {
                "BBox": [
                    71.5170999999973,
                    414.73499999998603,
                    540.9379999999946,
                    447.73399999999674
                ],
                "NumCol": 4,
                "Placement": "Block",
                "SpaceAfter": 18
            }
        },
        {
            "Bounds": [
                77.447998046875,
                430.0731964111328,
                104.47239685058594,
                439.5282440185547
            ],
            "ClipBounds": [
                77.447998046875,
                430.0731964111328,
                104.47239685058594,
                439.5282440185547
            ],
            "Page": 0,
            "Path": "//Document/Sect/Table[2]/TR/TD",
            "attributes": {
                "BBox": [
                    71.5170999999973,
                    413.8949999999895,
                    358.78499999998894,
                    447.73399999999674
                ],
                "BlockAlign": "Middle",
                "BorderColor": [
                    [
                        0,
                        0,
                        0
                    ],
                    [
                        0.6235349999999755,
                        0.6235349999999755,
                        0.6235349999999755
                    ],
                    [
                        0,
                        0,
                        0
                    ],
                    [
                        0,
                        0,
                        0
                    ]
                ],
                "BorderStyle": "Solid",
                "BorderThickness": [
                    0.625,
                    0.875,
                    0.5,
                    0.25
                ],
                "ColIndex": 0,
                "Height": 33.875,
                "InlineAlign": "Start",
                "RowIndex": 0,
                "Width": 287.25
            }
        },
        {
            "Bounds": [
                77.447998046875,
                430.0731964111328,
                104.47239685058594,
                439.5282440185547
            ],
            "ClipBounds": [
                77.447998046875,
                430.0731964111328,
                104.47239685058594,
                439.5282440185547
            ],
            "Font": {
                "alt_family_name": "Arial",
                "embedded": true,
                "encoding": "WinAnsiEncoding",
                "family_name": "Arial",
                "font_type": "TrueType",
                "italic": false,
                "monospaced": false,
                "name": "KSIAAT+Arial-BoldMT",
                "subset": true,
                "weight": 700
            },
            "HasClip": true,
            "Lang": "en",
            "Page": 0,
            "Path": "//Document/Sect/Table[2]/TR/TD/P",
            "Text": "ITEM ",
            "TextSize": 10.080001831054688,
            "attributes": {
                "LineHeight": 12.125
            }
        },
        {
            "Bounds": [
                363.1000061035156,
                430.0731964111328,
                386.6570281982422,
                439.5282440185547
            ],
            "ClipBounds": [
                363.1000061035156,
                430.0731964111328,
                386.6570281982422,
                439.5282440185547
            ],
            "Page": 0,
            "Path": "//Document/Sect/Table[2]/TR/TD[2]",
            "attributes": {
                "BBox": [
                    358.304999999993,
                    413.8949999999895,
                    415.6629999999859,
                    447.73399999999674
                ],
                "BlockAlign": "Middle",
                "BorderColor": [
                    [
                        0,
                        0,
                        0
                    ],
                    [
                        0.6235349999999755,
                        0.6235349999999755,
                        0.6235349999999755
                    ],
                    [
                        0,
                        0,
                        0
                    ],
                    [
                        0,
                        0,
                        0
                    ]
                ],
                "BorderStyle": "Solid",
                "BorderThickness": [
                    0.625,
                    0.875,
                    0.25,
                    0.25
                ],
                "ColIndex": 1,
                "Height": 33.875,
                "InlineAlign": "Start",
                "RowIndex": 0,
                "Width": 57.375
            }
        },
        {
            "Bounds": [
                363.1000061035156,
                430.0731964111328,
                386.6570281982422,
                439.5282440185547
            ],
            "ClipBounds": [
                363.1000061035156,
                430.0731964111328,
                386.6570281982422,
                439.5282440185547
            ],
            "Font": {
                "alt_family_name": "Arial",
                "embedded": true,
                "encoding": "WinAnsiEncoding",
                "family_name": "Arial",
                "font_type": "TrueType",
                "italic": false,
                "monospaced": false,
                "name": "KSIAAT+Arial-BoldMT",
                "subset": true,
                "weight": 700
            },
            "HasClip": true,
            "Lang": "en",
            "Page": 0,
            "Path": "//Document/Sect/Table[2]/TR/TD[2]/P",
            "Text": "QTY ",
            "TextSize": 10.080001831054688,
            "attributes": {
                "LineHeight": 12.125
            }
        },
        {
            "Bounds": [
                420.3800048828125,
                430.0731964111328,
                450.7712707519531,
                439.5282440185547
            ],
            "ClipBounds": [
                420.3800048828125,
                430.0731964111328,
                450.7712707519531,
                439.5282440185547
            ],
            "Page": 0,
            "Path": "//Document/Sect/Table[2]/TR/TD[3]",
            "attributes": {
                "BBox": [
                    415.18299999999,
                    413.8949999999895,
                    481.8999999999942,
                    447.73399999999674
                ],
                "BlockAlign": "Middle",
                "BorderColor": [
                    [
                        0,
                        0,
                        0
                    ],
                    [
                        0.6235349999999755,
                        0.6235349999999755,
                        0.6235349999999755
                    ],
                    [
                        0,
                        0,
                        0
                    ],
                    [
                        0,
                        0,
                        0
                    ]
                ],
                "BorderStyle": "Solid",
                "BorderThickness": [
                    0.625,
                    0.875,
                    0.25,
                    0.25
                ],
                "ColIndex": 2,
                "Height": 33.875,
                "InlineAlign": "Start",
                "RowIndex": 0,
                "Width": 66.75
            }
        },
        {
            "Bounds": [
                420.3800048828125,
                430.0731964111328,
                450.7712707519531,
                439.5282440185547
            ],
            "ClipBounds": [
                420.3800048828125,
                430.0731964111328,
                450.7712707519531,
                439.5282440185547
            ],
            "Font": {
                "alt_family_name": "Arial",
                "embedded": true,
                "encoding": "WinAnsiEncoding",
                "family_name": "Arial",
                "font_type": "TrueType",
                "italic": false,
                "monospaced": false,
                "name": "KSIAAT+Arial-BoldMT",
                "subset": true,
                "weight": 700
            },
            "HasClip": true,
            "Lang": "en",
            "Page": 0,
            "Path": "//Document/Sect/Table[2]/TR/TD[3]/P",
            "Text": "RATE ",
            "TextSize": 10.080001831054688,
            "attributes": {
                "LineHeight": 12.125
            }
        },
        {
            "Bounds": [
                483.4100036621094,
                430.0731964111328,
                530.1510314941406,
                439.5282440185547
            ],
            "ClipBounds": [
                483.4100036621094,
                430.0731964111328,
                530.1510314941406,
                439.5282440185547
            ],
            "Page": 0,
            "Path": "//Document/Sect/Table[2]/TR/TD[4]",
            "attributes": {
                "BBox": [
                    481.41999999999825,
                    413.8949999999895,
                    541.417999999976,
                    447.73399999999674
                ],
                "BlockAlign": "Middle",
                "BorderColor": [
                    [
                        0,
                        0,
                        0
                    ],
                    [
                        0.6235349999999755,
                        0.6235349999999755,
                        0.6235349999999755
                    ],
                    [
                        0,
                        0,
                        0
                    ],
                    [
                        0,
                        0,
                        0
                    ]
                ],
                "BorderStyle": "Solid",
                "BorderThickness": [
                    0.625,
                    0.875,
                    0.25,
                    0.5
                ],
                "ColIndex": 3,
                "Height": 33.875,
                "InlineAlign": "Start",
                "RowIndex": 0,
                "Width": 60
            }
        },
        {
            "Bounds": [
                483.4100036621094,
                430.0731964111328,
                530.1510314941406,
                439.5282440185547
            ],
            "ClipBounds": [
                483.4100036621094,
                430.0731964111328,
                530.1510314941406,
                439.5282440185547
            ],
            "Font": {
                "alt_family_name": "Arial",
                "embedded": true,
                "encoding": "WinAnsiEncoding",
                "family_name": "Arial",
                "font_type": "TrueType",
                "italic": false,
                "monospaced": false,
                "name": "KSIAAT+Arial-BoldMT",
                "subset": true,
                "weight": 700
            },
            "HasClip": true,
            "Lang": "en",
            "Page": 0,
            "Path": "//Document/Sect/Table[2]/TR/TD[4]/P",
            "Text": "AMOUNT ",
            "TextSize": 10.080001831054688,
            "attributes": {
                "LineHeight": 12.125
            }
        },
        {
            "Bounds": [
                77.447998046875,
                327.0632019042969,
                517.7280731201172,
                403.50823974609375
            ],
            "ClipBounds": [
                77.447998046875,
                327.0632019042969,
                517.7280731201172,
                403.50823974609375
            ],
            "Page": 0,
            "Path": "//Document/Sect/Table[3]",
            "attributes": {
                "BBox": [
                    71.5170999999973,
                    309.61999999999534,
                    540.9379999999946,
                    411.97499999999127
                ],
                "NumCol": 4,
                "NumRow": 3,
                "Placement": "Block",
                "SpaceAfter": 18
            }
        },
        {
            "Bounds": [
                77.447998046875,
                394.05320739746094,
                163.1783905029297,
                403.50823974609375
            ],
            "ClipBounds": [
                77.447998046875,
                394.05320739746094,
                163.1783905029297,
                403.50823974609375
            ],
            "Page": 0,
            "Path": "//Document/Sect/Table[3]/TR/TD",
            "attributes": {
                "BBox": [
                    71.5170999999973,
                    377.7769999999873,
                    358.0649999999878,
                    411.97499999999127
                ],
                "BlockAlign": "Middle",
                "BorderColor": [
                    0,
                    0,
                    0
                ],
                "BorderStyle": "Solid",
                "BorderThickness": [
                    0.625,
                    0.25,
                    0.5,
                    0.25
                ],
                "ColIndex": 0,
                "Height": 34.25,
                "InlineAlign": "Start",
                "RowIndex": 0,
                "Width": 286.375
            }
        },
        {
            "Bounds": [
                77.447998046875,
                394.05320739746094,
                163.1783905029297,
                403.50823974609375
            ],
            "ClipBounds": [
                77.447998046875,
                394.05320739746094,
                163.1783905029297,
                403.50823974609375
            ],
            "Font": {
                "alt_family_name": "Arial",
                "embedded": true,
                "encoding": "WinAnsiEncoding",
                "family_name": "Arial MT",
                "font_type": "TrueType",
                "italic": false,
                "monospaced": false,
                "name": "TQWCWB+ArialMT",
                "subset": true,
                "weight": 400
            },
            "HasClip": true,
            "Lang": "en",
            "Page": 0,
            "Path": "//Document/Sect/Table[3]/TR/TD/P",
            "Text": "Sleek Rubber Bike ",
            "TextSize": 10.080001831054688,
            "attributes": {
                "LineHeight": 12.125
            }
        },
        {
            "Bounds": [
                363.82000732421875,
                394.05320739746094,
                378.3000030517578,
                403.50823974609375
            ],
            "ClipBounds": [
                363.82000732421875,
                394.05320739746094,
                378.3000030517578,
                403.50823974609375
            ],
            "Page": 0,
            "Path": "//Document/Sect/Table[3]/TR/TD[2]",
            "attributes": {
                "BBox": [
                    357.58499999999185,
                    377.7769999999873,
                    414.22299999999814,
                    411.97499999999127
                ],
                "BlockAlign": "Middle",
                "BorderColor": [
                    0,
                    0,
                    0
                ],
                "BorderStyle": "Solid",
                "BorderThickness": [
                    0.625,
                    0.25,
                    0.25,
                    0.25
                ],
                "ColIndex": 1,
                "Height": 34.25,
                "InlineAlign": "Start",
                "RowIndex": 0,
                "Width": 56.625
            }
        },
        {
            "Bounds": [
                363.82000732421875,
                394.05320739746094,
                378.3000030517578,
                403.50823974609375
            ],
            "ClipBounds": [
                363.82000732421875,
                394.05320739746094,
                378.3000030517578,
                403.50823974609375
            ],
            "Font": {
                "alt_family_name": "Arial",
                "embedded": true,
                "encoding": "WinAnsiEncoding",
                "family_name": "Arial MT",
                "font_type": "TrueType",
                "italic": false,
                "monospaced": false,
                "name": "TQWCWB+ArialMT",
                "subset": true,
                "weight": 400
            },
            "HasClip": true,
            "Lang": "en",
            "Page": 0,
            "Path": "//Document/Sect/Table[3]/TR/TD[2]/P",
            "Text": "27 ",
            "TextSize": 10.080001831054688,
            "attributes": {
                "LineHeight": 12.125
            }
        },
        {
            "Bounds": [
                420.3800048828125,
                394.05320739746094,
                434.86000061035156,
                403.50823974609375
            ],
            "ClipBounds": [
                420.3800048828125,
                394.05320739746094,
                434.86000061035156,
                403.50823974609375
            ],
            "Page": 0,
            "Path": "//Document/Sect/Table[3]/TR/TD[3]",
            "attributes": {
                "BBox": [
                    413.74299999998766,
                    377.7769999999873,
                    481.8999999999942,
                    411.97499999999127
                ],
                "BlockAlign": "Middle",
                "BorderColor": [
                    0,
                    0,
                    0
                ],
                "BorderStyle": "Solid",
                "BorderThickness": [
                    0.625,
                    0.25,
                    0.25,
                    0.25
                ],
                "ColIndex": 2,
                "Height": 34.25,
                "InlineAlign": "Start",
                "RowIndex": 0,
                "Width": 68.125
            }
        },
        {
            "Bounds": [
                420.3800048828125,
                394.05320739746094,
                434.86000061035156,
                403.50823974609375
            ],
            "ClipBounds": [
                420.3800048828125,
                394.05320739746094,
                434.86000061035156,
                403.50823974609375
            ],
            "Font": {
                "alt_family_name": "Arial",
                "embedded": true,
                "encoding": "WinAnsiEncoding",
                "family_name": "Arial MT",
                "font_type": "TrueType",
                "italic": false,
                "monospaced": false,
                "name": "TQWCWB+ArialMT",
                "subset": true,
                "weight": 400
            },
            "HasClip": true,
            "Lang": "en",
            "Page": 0,
            "Path": "//Document/Sect/Table[3]/TR/TD[3]/P",
            "Text": "51 ",
            "TextSize": 10.080001831054688,
            "attributes": {
                "LineHeight": 12.125
            }
        },
        {
            "Bounds": [
                487.00999450683594,
                394.05320739746094,
                517.7280731201172,
                403.50823974609375
            ],
            "ClipBounds": [
                487.00999450683594,
                394.05320739746094,
                517.7280731201172,
                403.50823974609375
            ],
            "Page": 0,
            "Path": "//Document/Sect/Table[3]/TR/TD[4]",
            "attributes": {
                "BBox": [
                    481.41999999999825,
                    377.7769999999873,
                    541.417999999976,
                    411.97499999999127
                ],
                "BlockAlign": "Middle",
                "BorderColor": [
                    0,
                    0,
                    0
                ],
                "BorderStyle": "Solid",
                "BorderThickness": [
                    0.625,
                    0.25,
                    0.25,
                    0.5
                ],
                "ColIndex": 3,
                "Height": 34.25,
                "InlineAlign": "Start",
                "RowIndex": 0,
                "Width": 60
            }
        },
        {
            "Bounds": [
                487.00999450683594,
                394.05320739746094,
                517.7280731201172,
                403.50823974609375
            ],
            "ClipBounds": [
                487.00999450683594,
                394.05320739746094,
                517.7280731201172,
                403.50823974609375
            ],
            "Font": {
                "alt_family_name": "Arial",
                "embedded": true,
                "encoding": "WinAnsiEncoding",
                "family_name": "Arial MT",
                "font_type": "TrueType",
                "italic": false,
                "monospaced": false,
                "name": "TQWCWB+ArialMT",
                "subset": true,
                "weight": 400
            },
            "HasClip": true,
            "Lang": "en",
            "Page": 0,
            "Path": "//Document/Sect/Table[3]/TR/TD[4]/P",
            "Text": "$1377 ",
            "TextSize": 10.080001831054688,
            "attributes": {
                "LineHeight": 12.125
            }
        },
        {
            "Bounds": [
                77.447998046875,
                360.5731964111328,
                159.21694946289062,
                370.0282440185547
            ],
            "ClipBounds": [
                77.447998046875,
                360.5731964111328,
                159.21694946289062,
                370.0282440185547
            ],
            "Page": 0,
            "Path": "//Document/Sect/Table[3]/TR[2]/TD",
            "attributes": {
                "BBox": [
                    71.5170999999973,
                    343.93799999999464,
                    358.0649999999878,
                    378.2569999999978
                ],
                "BlockAlign": "Middle",
                "BorderColor": [
                    0,
                    0,
                    0
                ],
                "BorderStyle": "Solid",
                "BorderThickness": [
                    0.25,
                    0.25,
                    0.5,
                    0.25
                ],
                "ColIndex": 0,
                "Height": 34.375,
                "InlineAlign": "Start",
                "RowIndex": 1,
                "Width": 286.375
            }
        },
        {
            "Bounds": [
                77.447998046875,
                360.5731964111328,
                159.21694946289062,
                370.0282440185547
            ],
            "ClipBounds": [
                77.447998046875,
                360.5731964111328,
                159.21694946289062,
                370.0282440185547
            ],
            "Font": {
                "alt_family_name": "Arial",
                "embedded": true,
                "encoding": "WinAnsiEncoding",
                "family_name": "Arial MT",
                "font_type": "TrueType",
                "italic": false,
                "monospaced": false,
                "name": "TQWCWB+ArialMT",
                "subset": true,
                "weight": 400
            },
            "HasClip": true,
            "Lang": "en",
            "Page": 0,
            "Path": "//Document/Sect/Table[3]/TR[2]/TD/P",
            "Text": "Rustic Steel Tuna ",
            "TextSize": 10.080001831054688,
            "attributes": {
                "LineHeight": 12.125
            }
        },
        {
            "Bounds": [
                363.82000732421875,
                360.5731964111328,
                378.3000030517578,
                370.0282440185547
            ],
            "ClipBounds": [
                363.82000732421875,
                360.5731964111328,
                378.3000030517578,
                370.0282440185547
            ],
            "Page": 0,
            "Path": "//Document/Sect/Table[3]/TR[2]/TD[2]",
            "attributes": {
                "BBox": [
                    357.58499999999185,
                    343.93799999999464,
                    414.22299999999814,
                    378.2569999999978
                ],
                "BlockAlign": "Middle",
                "BorderColor": [
                    0,
                    0,
                    0
                ],
                "BorderStyle": "Solid",
                "BorderThickness": 0.25,
                "ColIndex": 1,
                "Height": 34.375,
                "InlineAlign": "Start",
                "RowIndex": 1,
                "Width": 56.625
            }
        },
        {
            "Bounds": [
                363.82000732421875,
                360.5731964111328,
                378.3000030517578,
                370.0282440185547
            ],
            "ClipBounds": [
                363.82000732421875,
                360.5731964111328,
                378.3000030517578,
                370.0282440185547
            ],
            "Font": {
                "alt_family_name": "Arial",
                "embedded": true,
                "encoding": "WinAnsiEncoding",
                "family_name": "Arial MT",
                "font_type": "TrueType",
                "italic": false,
                "monospaced": false,
                "name": "TQWCWB+ArialMT",
                "subset": true,
                "weight": 400
            },
            "HasClip": true,
            "Lang": "en",
            "Page": 0,
            "Path": "//Document/Sect/Table[3]/TR[2]/TD[2]/P",
            "Text": "12 ",
            "TextSize": 10.080001831054688,
            "attributes": {
                "LineHeight": 12.125
            }
        },
        {
            "Bounds": [
                420.3800048828125,
                360.5731964111328,
                434.86000061035156,
                370.0282440185547
            ],
            "ClipBounds": [
                420.3800048828125,
                360.5731964111328,
                434.86000061035156,
                370.0282440185547
            ],
            "Page": 0,
            "Path": "//Document/Sect/Table[3]/TR[2]/TD[3]",
            "attributes": {
                "BBox": [
                    413.74299999998766,
                    343.93799999999464,
                    481.8999999999942,
                    378.2569999999978
                ],
                "BlockAlign": "Middle",
                "BorderColor": [
                    0,
                    0,
                    0
                ],
                "BorderStyle": "Solid",
                "BorderThickness": 0.25,
                "ColIndex": 2,
                "Height": 34.375,
                "InlineAlign": "Start",
                "RowIndex": 1,
                "Width": 68.125
            }
        },
        {
            "Bounds": [
                420.3800048828125,
                360.5731964111328,
                434.86000061035156,
                370.0282440185547
            ],
            "ClipBounds": [
                420.3800048828125,
                360.5731964111328,
                434.86000061035156,
                370.0282440185547
            ],
            "Font": {
                "alt_family_name": "Arial",
                "embedded": true,
                "encoding": "WinAnsiEncoding",
                "family_name": "Arial MT",
                "font_type": "TrueType",
                "italic": false,
                "monospaced": false,
                "name": "TQWCWB+ArialMT",
                "subset": true,
                "weight": 400
            },
            "HasClip": true,
            "Lang": "en",
            "Page": 0,
            "Path": "//Document/Sect/Table[3]/TR[2]/TD[3]/P",
            "Text": "93 ",
            "TextSize": 10.080001831054688,
            "attributes": {
                "LineHeight": 12.125
            }
        },
        {
            "Bounds": [
                487.00999450683594,
                360.5731964111328,
                517.7280731201172,
                370.0282440185547
            ],
            "ClipBounds": [
                487.00999450683594,
                360.5731964111328,
                517.7280731201172,
                370.0282440185547
            ],
            "Page": 0,
            "Path": "//Document/Sect/Table[3]/TR[2]/TD[4]",
            "attributes": {
                "BBox": [
                    481.41999999999825,
                    343.93799999999464,
                    541.417999999976,
                    378.2569999999978
                ],
                "BlockAlign": "Middle",
                "BorderColor": [
                    0,
                    0,
                    0
                ],
                "BorderStyle": "Solid",
                "BorderThickness": [
                    0.25,
                    0.25,
                    0.25,
                    0.5
                ],
                "ColIndex": 3,
                "Height": 34.375,
                "InlineAlign": "Start",
                "RowIndex": 1,
                "Width": 60
            }
        },
        {
            "Bounds": [
                487.00999450683594,
                360.5731964111328,
                517.7280731201172,
                370.0282440185547
            ],
            "ClipBounds": [
                487.00999450683594,
                360.5731964111328,
                517.7280731201172,
                370.0282440185547
            ],
            "Font": {
                "alt_family_name": "Arial",
                "embedded": true,
                "encoding": "WinAnsiEncoding",
                "family_name": "Arial MT",
                "font_type": "TrueType",
                "italic": false,
                "monospaced": false,
                "name": "TQWCWB+ArialMT",
                "subset": true,
                "weight": 400
            },
            "HasClip": true,
            "Lang": "en",
            "Page": 0,
            "Path": "//Document/Sect/Table[3]/TR[2]/TD[4]/P",
            "Text": "$1116 ",
            "TextSize": 10.080001831054688,
            "attributes": {
                "LineHeight": 12.125
            }
        },
        {
            "Bounds": [
                77.447998046875,
                327.0632019042969,
                165.48672485351562,
                336.5182342529297
            ],
            "ClipBounds": [
                77.447998046875,
                327.0632019042969,
                165.48672485351562,
                336.5182342529297
            ],
            "Page": 0,
            "Path": "//Document/Sect/Table[3]/TR[3]/TD",
            "attributes": {
                "BBox": [
                    71.5170999999973,
                    309.0199999999895,
                    358.0649999999878,
                    344.41799999999057
                ],
                "BlockAlign": "Before",
                "BorderColor": [
                    0,
                    0,
                    0
                ],
                "BorderStyle": "Solid",
                "BorderThickness": [
                    0.25,
                    0.625,
                    0.5,
                    0.25
                ],
                "ColIndex": 0,
                "Height": 35.375,
                "InlineAlign": "Start",
                "RowIndex": 2,
                "Width": 286.375
            }
        },
        {
            "Bounds": [
                77.447998046875,
                327.0632019042969,
                165.48672485351562,
                336.5182342529297
            ],
            "ClipBounds": [
                77.447998046875,
                327.0632019042969,
                165.48672485351562,
                336.5182342529297
            ],
            "Font": {
                "alt_family_name": "Arial",
                "embedded": true,
                "encoding": "WinAnsiEncoding",
                "family_name": "Arial MT",
                "font_type": "TrueType",
                "italic": false,
                "monospaced": false,
                "name": "TQWCWB+ArialMT",
                "subset": true,
                "weight": 400
            },
            "HasClip": true,
            "Lang": "en",
            "Page": 0,
            "Path": "//Document/Sect/Table[3]/TR[3]/TD/P",
            "Text": "Tasty Cotton Pants ",
            "TextSize": 10.080001831054688,
            "attributes": {
                "LineHeight": 12.125
            }
        },
        {
            "Bounds": [
                363.82000732421875,
                327.0632019042969,
                378.3000030517578,
                336.5182342529297
            ],
            "ClipBounds": [
                363.82000732421875,
                327.0632019042969,
                378.3000030517578,
                336.5182342529297
            ],
            "Page": 0,
            "Path": "//Document/Sect/Table[3]/TR[3]/TD[2]",
            "attributes": {
                "BBox": [
                    357.58499999999185,
                    309.0199999999895,
                    414.22299999999814,
                    344.41799999999057
                ],
                "BlockAlign": "Before",
                "BorderColor": [
                    0,
                    0,
                    0
                ],
                "BorderStyle": "Solid",
                "BorderThickness": [
                    0.25,
                    0.625,
                    0.25,
                    0.25
                ],
                "ColIndex": 1,
                "Height": 35.375,
                "InlineAlign": "Start",
                "RowIndex": 2,
                "Width": 56.625
            }
        },
        {
            "Bounds": [
                363.82000732421875,
                327.0632019042969,
                378.3000030517578,
                336.5182342529297
            ],
            "ClipBounds": [
                363.82000732421875,
                327.0632019042969,
                378.3000030517578,
                336.5182342529297
            ],
            "Font": {
                "alt_family_name": "Arial",
                "embedded": true,
                "encoding": "WinAnsiEncoding",
                "family_name": "Arial MT",
                "font_type": "TrueType",
                "italic": false,
                "monospaced": false,
                "name": "TQWCWB+ArialMT",
                "subset": true,
                "weight": 400
            },
            "HasClip": true,
            "Lang": "en",
            "Page": 0,
            "Path": "//Document/Sect/Table[3]/TR[3]/TD[2]/P",
            "Text": "62 ",
            "TextSize": 10.080001831054688,
            "attributes": {
                "LineHeight": 12.125
            }
        },
        {
            "Bounds": [
                420.3800048828125,
                327.0632019042969,
                434.86000061035156,
                336.5182342529297
            ],
            "ClipBounds": [
                420.3800048828125,
                327.0632019042969,
                434.86000061035156,
                336.5182342529297
            ],
            "Page": 0,
            "Path": "//Document/Sect/Table[3]/TR[3]/TD[3]",
            "attributes": {
                "BBox": [
                    413.74299999998766,
                    309.0199999999895,
                    481.8999999999942,
                    344.41799999999057
                ],
                "BlockAlign": "Before",
                "BorderColor": [
                    0,
                    0,
                    0
                ],
                "BorderStyle": "Solid",
                "BorderThickness": [
                    0.25,
                    0.625,
                    0.25,
                    0.25
                ],
                "ColIndex": 2,
                "Height": 35.375,
                "InlineAlign": "Start",
                "RowIndex": 2,
                "Width": 68.125
            }
        },
        {
            "Bounds": [
                420.3800048828125,
                327.0632019042969,
                434.86000061035156,
                336.5182342529297
            ],
            "ClipBounds": [
                420.3800048828125,
                327.0632019042969,
                434.86000061035156,
                336.5182342529297
            ],
            "Font": {
                "alt_family_name": "Arial",
                "embedded": true,
                "encoding": "WinAnsiEncoding",
                "family_name": "Arial MT",
                "font_type": "TrueType",
                "italic": false,
                "monospaced": false,
                "name": "TQWCWB+ArialMT",
                "subset": true,
                "weight": 400
            },
            "HasClip": true,
            "Lang": "en",
            "Page": 0,
            "Path": "//Document/Sect/Table[3]/TR[3]/TD[3]/P",
            "Text": "19 ",
            "TextSize": 10.080001831054688,
            "attributes": {
                "LineHeight": 12.125
            }
        },
        {
            "Bounds": [
                487.00999450683594,
                327.0632019042969,
                517.7280731201172,
                336.5182342529297
            ],
            "ClipBounds": [
                487.00999450683594,
                327.0632019042969,
                517.7280731201172,
                336.5182342529297
            ],
            "Page": 0,
            "Path": "//Document/Sect/Table[3]/TR[3]/TD[4]",
            "attributes": {
                "BBox": [
                    481.41999999999825,
                    309.0199999999895,
                    541.417999999976,
                    344.41799999999057
                ],
                "BlockAlign": "Before",
                "BorderColor": [
                    0,
                    0,
                    0
                ],
                "BorderStyle": "Solid",
                "BorderThickness": [
                    0.25,
                    0.625,
                    0.25,
                    0.5
                ],
                "ColIndex": 3,
                "Height": 35.375,
                "InlineAlign": "Start",
                "RowIndex": 2,
                "Width": 60
            }
        },
        {
            "Bounds": [
                487.00999450683594,
                327.0632019042969,
                517.7280731201172,
                336.5182342529297
            ],
            "ClipBounds": [
                487.00999450683594,
                327.0632019042969,
                517.7280731201172,
                336.5182342529297
            ],
            "Font": {
                "alt_family_name": "Arial",
                "embedded": true,
                "encoding": "WinAnsiEncoding",
                "family_name": "Arial MT",
                "font_type": "TrueType",
                "italic": false,
                "monospaced": false,
                "name": "TQWCWB+ArialMT",
                "subset": true,
                "weight": 400
            },
            "HasClip": true,
            "Lang": "en",
            "Page": 0,
            "Path": "//Document/Sect/Table[3]/TR[3]/TD[4]/P",
            "Text": "$1178 ",
            "TextSize": 10.080001831054688,
            "attributes": {
                "LineHeight": 12.125
            }
        },
        {
            "Bounds": [
                77.447998046875,
                213.62319946289062,
                516.6336822509766,
                256.55824279785156
            ],
            "ClipBounds": [
                77.447998046875,
                213.62319946289062,
                516.6336822509766,
                256.55824279785156
            ],
            "Page": 0,
            "Path": "//Document/Sect/Table[4]",
            "attributes": {
                "BBox": [
                    77.03689999999915,
                    215.7829999999958,
                    514.0589999999793,
                    254.9019999999946
                ],
                "NumCol": 2,
                "NumRow": 2,
                "Placement": "Block",
                "SpaceAfter": 18
            }
        },
        {
            "Bounds": [
                77.447998046875,
                247.1031951904297,
                120.4593505859375,
                256.55824279785156
            ],
            "ClipBounds": [
                77.447998046875,
                247.1031951904297,
                120.4593505859375,
                256.55824279785156
            ],
            "Page": 0,
            "Path": "//Document/Sect/Table[4]/TR/TD",
            "attributes": {
                "BBox": [
                    77.03689999999915,
                    230.42299999999523,
                    358.54499999999825,
                    254.9019999999946
                ],
                "BlockAlign": "Before",
                "ColIndex": 0,
                "Height": 24.5,
                "InlineAlign": "Start",
                "RowIndex": 0,
                "Width": 281.5
            }
        },
        {
            "Bounds": [
                77.447998046875,
                247.1031951904297,
                120.4593505859375,
                256.55824279785156
            ],
            "ClipBounds": [
                77.447998046875,
                247.1031951904297,
                120.4593505859375,
                256.55824279785156
            ],
            "Font": {
                "alt_family_name": "Arial",
                "embedded": true,
                "encoding": "WinAnsiEncoding",
                "family_name": "Arial",
                "font_type": "TrueType",
                "italic": false,
                "monospaced": false,
                "name": "KSIAAT+Arial-BoldMT",
                "subset": true,
                "weight": 700
            },
            "HasClip": true,
            "Lang": "en",
            "Page": 0,
            "Path": "//Document/Sect/Table[4]/TR/TD/P",
            "Text": "Subtotal ",
            "TextSize": 10.080001831054688,
            "attributes": {
                "LineHeight": 12.125
            }
        },
        {
            "Bounds": [
                485.92999267578125,
                247.1031951904297,
                516.6336822509766,
                256.55824279785156
            ],
            "ClipBounds": [
                485.92999267578125,
                247.1031951904297,
                516.6336822509766,
                256.55824279785156
            ],
            "Page": 0,
            "Path": "//Document/Sect/Table[4]/TR/TD[2]",
            "attributes": {
                "BBox": [
                    358.54499999999825,
                    230.42299999999523,
                    514.0589999999793,
                    254.9019999999946
                ],
                "BlockAlign": "Before",
                "ColIndex": 1,
                "Height": 24.5,
                "InlineAlign": "End",
                "RowIndex": 0,
                "Width": 155.5
            }
        },
        {
            "Bounds": [
                485.92999267578125,
                247.1031951904297,
                516.6336822509766,
                256.55824279785156
            ],
            "ClipBounds": [
                485.92999267578125,
                247.1031951904297,
                516.6336822509766,
                256.55824279785156
            ],
            "Font": {
                "alt_family_name": "Arial",
                "embedded": true,
                "encoding": "WinAnsiEncoding",
                "family_name": "Arial MT",
                "font_type": "TrueType",
                "italic": false,
                "monospaced": false,
                "name": "TQWCWB+ArialMT",
                "subset": true,
                "weight": 400
            },
            "HasClip": true,
            "Lang": "en",
            "Page": 0,
            "Path": "//Document/Sect/Table[4]/TR/TD[2]/P",
            "Text": "$3671 ",
            "TextSize": 10.080001831054688,
            "attributes": {
                "LineHeight": 12.125
            }
        },
        {
            "Bounds": [
                77.447998046875,
                213.62319946289062,
                109.73143005371094,
                223.0782470703125
            ],
            "ClipBounds": [
                77.447998046875,
                213.62319946289062,
                109.73143005371094,
                223.0782470703125
            ],
            "Page": 0,
            "Path": "//Document/Sect/Table[4]/TR[2]/TD",
            "attributes": {
                "BBox": [
                    77.03689999999915,
                    215.7829999999958,
                    358.54499999999825,
                    230.42299999999523
                ],
                "BlockAlign": "After",
                "ColIndex": 0,
                "Height": 14.625,
                "InlineAlign": "Start",
                "RowIndex": 1,
                "Width": 281.5
            }
        },
        {
            "Bounds": [
                77.447998046875,
                213.62319946289062,
                109.73143005371094,
                223.0782470703125
            ],
            "ClipBounds": [
                77.447998046875,
                213.62319946289062,
                109.73143005371094,
                223.0782470703125
            ],
            "Font": {
                "alt_family_name": "Arial",
                "embedded": true,
                "encoding": "WinAnsiEncoding",
                "family_name": "Arial",
                "font_type": "TrueType",
                "italic": false,
                "monospaced": false,
                "name": "KSIAAT+Arial-BoldMT",
                "subset": true,
                "weight": 700
            },
            "HasClip": true,
            "Lang": "en",
            "Page": 0,
            "Path": "//Document/Sect/Table[4]/TR[2]/TD/P",
            "Text": "Tax % ",
            "TextSize": 10.080001831054688,
            "attributes": {
                "LineHeight": 12.125
            }
        },
        {
            "Bounds": [
                485.92999267578125,
                213.62319946289062,
                500.4100036621094,
                223.0782470703125
            ],
            "ClipBounds": [
                485.92999267578125,
                213.62319946289062,
                500.4100036621094,
                223.0782470703125
            ],
            "Page": 0,
            "Path": "//Document/Sect/Table[4]/TR[2]/TD[2]",
            "attributes": {
                "BBox": [
                    358.54499999999825,
                    215.7829999999958,
                    514.0589999999793,
                    230.42299999999523
                ],
                "BlockAlign": "After",
                "ColIndex": 1,
                "Height": 14.625,
                "InlineAlign": "End",
                "RowIndex": 1,
                "Width": 155.5
            }
        },
        {
            "Bounds": [
                485.92999267578125,
                213.62319946289062,
                500.4100036621094,
                223.0782470703125
            ],
            "ClipBounds": [
                485.92999267578125,
                213.62319946289062,
                500.4100036621094,
                223.0782470703125
            ],
            "Font": {
                "alt_family_name": "Arial",
                "embedded": true,
                "encoding": "WinAnsiEncoding",
                "family_name": "Arial MT",
                "font_type": "TrueType",
                "italic": false,
                "monospaced": false,
                "name": "TQWCWB+ArialMT",
                "subset": true,
                "weight": 400
            },
            "HasClip": true,
            "Lang": "en",
            "Page": 0,
            "Path": "//Document/Sect/Table[4]/TR[2]/TD[2]/P",
            "Text": "10 ",
            "TextSize": 10.080001831054688,
            "attributes": {
                "LineHeight": 12.125
            }
        },
        {
            "Bounds": [
                77.447998046875,
                116.01319885253906,
                126.14447021484375,
                125.46824645996094
            ],
            "ClipBounds": [
                77.447998046875,
                116.01319885253906,
                126.14447021484375,
                125.46824645996094
            ],
            "Font": {
                "alt_family_name": "Arial",
                "embedded": true,
                "encoding": "WinAnsiEncoding",
                "family_name": "Arial",
                "font_type": "TrueType",
                "italic": false,
                "monospaced": false,
                "name": "KSIAAT+Arial-BoldMT",
                "subset": true,
                "weight": 700
            },
            "HasClip": true,
            "Lang": "en",
            "Page": 0,
            "Path": "//Document/Sect/P[6]",
            "Text": "Total Due ",
            "TextSize": 10.080001831054688,
            "attributes": {
                "SpaceAfter": 3.75
            }
        },
        {
            "Bounds": [
                485.92999267578125,
                114.08000183105469,
                521.1019897460938,
                122.52200317382812
            ],
            "ClipBounds": [
                485.92999267578125,
                114.08000183105469,
                521.1019897460938,
                122.52200317382812
            ],
            "Font": {
                "alt_family_name": "Arial",
                "embedded": true,
                "encoding": "WinAnsiEncoding",
                "family_name": "Arial MT",
                "font_type": "TrueType",
                "italic": false,
                "monospaced": false,
                "name": "TQWCWB+ArialMT",
                "subset": true,
                "weight": 400
            },
            "HasClip": true,
            "Lang": "en",
            "Page": 0,
            "Path": "//Document/Sect/P[7]",
            "Text": "$4038.1 ",
            "TextSize": 9,
            "attributes": {
                "LineHeight": 10.75
            }
        }
    ],
    "pages": [
        {
            "boxes": {
                "CropBox": [
                    0,
                    0,
                    612,
                    792
                ],
                "MediaBox": [
                    0,
                    0,
                    612,
                    792
                ]
            },
            "height": 792,
            "is_scanned": false,
            "page_number": 0,
            "rotation": 0,
            "width": 612
        }
    ]
}