{
    "version": {
        "json_export": "187",
        "page_segmentation": "5",
        "schema": "1.1.0",
        "structure": "1.1036.0",
        "table_structure": "5"
    },
    "extended_metadata": {
        "ID_instance": "97 B9 C9 A7 42 B7 B2 11 0A 00 67 45 8B 6B C6 23 ",
        "ID_permanent": "43 38 20 36 35 20 43 37 20 41 37 20 34 32 20 42 37 20 42 32 20 31 31 20 30 41 20 30 30 20 36 37 20 34 35 20 38 42 20 36 42 20 43 36 20 32 33 20 ",
        "pdf_version": "1.6",
        "pdfa_compliance_level": "",
        "is_encrypted": false,
        "has_acroform": false,
        "is_digitally_signed": false,
        "pdfua_compliance_level": "",
        "page_count": 2,
        "has_embedded_files": false,
        "is_certified": false,
        "is_XFA": false,
        "language": "en-US"
    },
    "elements": [
        {
            "Bounds": [
                76.72799682617188,
                734.4232025146484,
                171.43968200683594,
                743.8782348632812
            ],
            "ClipBounds": [
                76.72799682617188,
                734.4232025146484,
                171.43968200683594,
                743.8782348632812
            ],
            "Font": {
                "alt_family_name": "Arial",
                "embedded": true,
                "encoding": "WinAnsiEncoding",
                "family_name": "Arial",
                "font_type": "TrueType",
                "italic": false,
                "monospaced": false,
                "name": "GONICG+Arial-BoldMT",
                "subset": true,
                "weight": 700
            },
            "HasClip": true,
            "Page": 0,
            "Path": "//Document/Sect/P/Sub",
            "Text": "NearBy Electronics ",
            "TextSize": 10.080001831054688,
            "attributes": {
                "Placement": "Block"
            }
        },
        {
            "Bounds": [
                76.72799682617188,
                721.1031951904297,
                214.52447509765625,
                730.5582427978516
            ],
            "ClipBounds": [
                76.72799682617188,
                721.1031951904297,
                214.52447509765625,
                730.5582427978516
            ],
            "Font": {
                "alt_family_name": "Arial",
                "embedded": true,
                "encoding": "WinAnsiEncoding",
                "family_name": "Arial MT",
                "font_type": "TrueType",
                "italic": false,
                "monospaced": false,
                "name": "QLLQMM+ArialMT",
                "subset": true,
                "weight": 400
            },
            "HasClip": true,
            "Page": 0,
            "Path": "//Document/Sect/P/Sub[2]",
            "Text": "3741 Glory Road, Jamestown, ",
            "TextSize": 10.080001831054688,
            "attributes": {
                "Placement": "Block"
            }
        },
        {
            "Bounds": [
                76.72799682617188,
                708.1132049560547,
                155.30166625976562,
                717.5682373046875
            ],
            "ClipBounds": [
                76.72799682617188,
                708.1132049560547,
                155.30166625976562,
                717.5682373046875
            ],
            "Font": {
                "alt_family_name": "Arial",
                "embedded": true,
                "encoding": "WinAnsiEncoding",
                "family_name": "Arial MT",
                "font_type": "TrueType",
                "italic": false,
                "monospaced": false,
                "name": "QLLQMM+ArialMT",
                "subset": true,
                "weight": 400
            },
            "HasClip": true,
            "Page": 0,
            "Path": "//Document/Sect/P/Sub[3]",
            "Text": "Tennessee, USA ",
            "TextSize": 10.080001831054688,
            "attributes": {
                "Placement": "Block"
            }
        },
        {
            "Bounds": [
                76.72799682617188,
                694.7931976318359,
                107.43167114257812,
                704.2482452392578
            ],
            "ClipBounds": [
                76.72799682617188,
                694.7931976318359,
                107.43167114257812,
                704.2482452392578
            ],
            "Font": {
                "alt_family_name": "Arial",
                "embedded": true,
                "encoding": "WinAnsiEncoding",
                "family_name": "Arial MT",
                "font_type": "TrueType",
                "italic": false,
                "monospaced": false,
                "name": "QLLQMM+ArialMT",
                "subset": true,
                "weight": 400
            },
            "HasClip": true,
            "Page": 0,
            "Path": "//Document/Sect/P/Sub[4]",
            "Text": "38556 ",
            "TextSize": 10.080001831054688,
            "attributes": {
                "Placement": "Block"
            }
        },
        {
            "Bounds": [
                499.99000549316406,
                734.4232025146484,
                542.9308013916016,
                743.8782348632812
            ],
            "ClipBounds": [
                499.99000549316406,
                734.4232025146484,
                542.9308013916016,
                743.8782348632812
            ],
            "Font": {
                "alt_family_name": "Arial",
                "embedded": true,
                "encoding": "WinAnsiEncoding",
                "family_name": "Arial",
                "font_type": "TrueType",
                "italic": false,
                "monospaced": false,
                "name": "GONICG+Arial-BoldMT",
                "subset": true,
                "weight": 700
            },
            "HasClip": true,
            "Lang": "en",
            "Page": 0,
            "Path": "//Document/Sect/P[2]",
            "Text": "Invoice# ",
            "TextSize": 10.080001831054688,
            "attributes": {
                "LineHeight": 12.125,
                "TextAlign": "End"
            }
        },
        {
            "Bounds": [
                355.8999938964844,
                694.7931976318359,
                543.3080749511719,
                730.5582427978516
            ],
            "ClipBounds": [
                355.8999938964844,
                694.7931976318359,
                543.3080749511719,
                730.5582427978516
            ],
            "Font": {
                "alt_family_name": "Arial",
                "embedded": true,
                "encoding": "WinAnsiEncoding",
                "family_name": "Arial MT",
                "font_type": "TrueType",
                "italic": false,
                "monospaced": false,
                "name": "QLLQMM+ArialMT",
                "subset": true,
                "weight": 400
            },
            "HasClip": true,
            "Lang": "en",
            "Page": 0,
            "Path": "//Document/Sect/P[3]",
            "Text": "QA39HMGN884U0EL22RSY34IAZ6T6W Issue date 12-05-2023 ",
            "TextSize": 10.080001831054688,
            "attributes": {
                "LineHeight": 13.125,
                "TextAlign": "End"
            }
        },
        {
            "Bounds": [
                76.72799682617188,
                636.5885620117188,
                295.7052459716797,
                659.9109954833984
            ],
            "ClipBounds": [
                76.72799682617188,
                636.5885620117188,
                295.7052459716797,
                659.9109954833984
            ],
            "Font": {
                "alt_family_name": "Arial",
                "embedded": true,
                "encoding": "WinAnsiEncoding",
                "family_name": "Arial MT",
                "font_type": "TrueType",
                "italic": false,
                "monospaced": false,
                "name": "QLLQMM+ArialMT",
                "subset": true,
                "weight": 400
            },
            "HasClip": true,
            "Lang": "en",
            "Page": 0,
            "Path": "//Document/Sect/Title",
            "Text": "NearBy Electronics ",
            "TextSize": 24.863998413085938,
            "attributes": {
                "LineHeight": 29.875
            }
        },
        {
            "Bounds": [
                76.72799682617188,
                620.6132049560547,
                460.8868713378906,
                630.0682373046875
            ],
            "ClipBounds": [
                76.72799682617188,
                620.6132049560547,
                460.8868713378906,
                630.0682373046875
            ],
            "Font": {
                "alt_family_name": "Arial",
                "embedded": true,
                "encoding": "WinAnsiEncoding",
                "family_name": "Arial MT",
                "font_type": "TrueType",
                "italic": false,
                "monospaced": false,
                "name": "QLLQMM+ArialMT",
                "subset": true,
                "weight": 400
            },
            "HasClip": true,
            "Lang": "en",
            "Page": 0,
            "Path": "//Document/Sect/P[4]",
            "Text": "We are here to serve you better. Reach out to us in case of any concern or feedbacks. ",
            "TextSize": 10.080001831054688,
            "attributes": {
                "LineHeight": 12.125,
                "SpaceAfter": 18
            }
        },
        {
            "Bounds": [
                81.04800415039062,
                501.7431945800781,
                513.0480804443359,
                577.1182403564453
            ],
            "ClipBounds": [
                81.04800415039062,
                501.7431945800781,
                513.0480804443359,
                577.1182403564453
            ],
            "Page": 0,
            "Path": "//Document/Sect/Table",
            "attributes": {
                "BBox": [
                    80.99669999999969,
                    501.73199999998906,
                    558.2169999999751,
                    575.4089999999851
                ],
                "NumCol": 3,
                "NumRow": 2,
                "Placement": "Block",
                "SpaceAfter": 18
            }
        },
        {
            "Bounds": [
                81.04800415039062,
                567.6631927490234,
                122.99087524414062,
                577.1182403564453
            ],
            "ClipBounds": [
                81.04800415039062,
                567.6631927490234,
                122.99087524414062,
                577.1182403564453
            ],
            "Page": 0,
            "Path": "//Document/Sect/Table/TR/TH",
            "attributes": {
                "BBox": [
                    80.99669999999969,
                    566.6489999999758,
                    220.31099999999424,
                    575.4089999999851
                ],
                "BlockAlign": "Before",
                "ColIndex": 0,
                "Height": 8.75,
                "InlineAlign": "Start",
                "RowIndex": 0,
                "Width": 139.375
            }
        },
        {
            "Bounds": [
                81.04800415039062,
                567.6631927490234,
                122.99087524414062,
                577.1182403564453
            ],
            "ClipBounds": [
                81.04800415039062,
                567.6631927490234,
                122.99087524414062,
                577.1182403564453
            ],
            "Font": {
                "alt_family_name": "Arial",
                "embedded": true,
                "encoding": "WinAnsiEncoding",
                "family_name": "Arial",
                "font_type": "TrueType",
                "italic": false,
                "monospaced": false,
                "name": "GONICG+Arial-BoldMT",
                "subset": true,
                "weight": 700
            },
            "HasClip": true,
            "Lang": "en",
            "Page": 0,
            "Path": "//Document/Sect/Table/TR/TH/P",
            "Text": "BILL TO ",
            "TextSize": 10.080001831054688,
            "attributes": {
                "LineHeight": 12.125
            }
        },
        {
            "Bounds": [
                240.25999450683594,
                567.6631927490234,
                286.1240692138672,
                577.1182403564453
            ],
            "ClipBounds": [
                240.25999450683594,
                567.6631927490234,
                286.1240692138672,
                577.1182403564453
            ],
            "Page": 0,
            "Path": "//Document/Sect/Table/TR/TH[2]",
            "attributes": {
                "BBox": [
                    220.31099999999424,
                    566.6489999999758,
                    403.903999999995,
                    575.4089999999851
                ],
                "BlockAlign": "Before",
                "ColIndex": 1,
                "Height": 8.75,
                "InlineAlign": "Start",
                "RowIndex": 0,
                "Width": 183.625
            }
        },
        {
            "Bounds": [
                240.25999450683594,
                567.6631927490234,
                286.1240692138672,
                577.1182403564453
            ],
            "ClipBounds": [
                240.25999450683594,
                567.6631927490234,
                286.1240692138672,
                577.1182403564453
            ],
            "Font": {
                "alt_family_name": "Arial",
                "embedded": true,
                "encoding": "WinAnsiEncoding",
                "family_name": "Arial",
                "font_type": "TrueType",
                "italic": false,
                "monospaced": false,
                "name": "GONICG+Arial-BoldMT",
                "subset": true,
                "weight": 700
            },
            "HasClip": true,
            "Lang": "en",
            "Page": 0,
            "Path": "//Document/Sect/Table/TR/TH[2]/P",
            "Text": "DETAILS ",
            "TextSize": 10.080001831054688,
            "attributes": {
                "LineHeight": 12.125
            }
        },
        {
            "Bounds": [
                412.8000030517578,
                567.6631927490234,
                464.58103942871094,
                577.1182403564453
            ],
            "ClipBounds": [
                412.8000030517578,
                567.6631927490234,
                464.58103942871094,
                577.1182403564453
            ],
            "Page": 0,
            "Path": "//Document/Sect/Table/TR/TH[3]",
            "attributes": {
                "BBox": [
                    403.903999999995,
                    566.6489999999758,
                    558.2169999999751,
                    575.4089999999851
                ],
                "BlockAlign": "Before",
                "ColIndex": 2,
                "Height": 8.75,
                "InlineAlign": "Start",
                "RowIndex": 0,
                "Width": 154.375
            }
        },
        {
            "Bounds": [
                412.8000030517578,
                567.6631927490234,
                464.58103942871094,
                577.1182403564453
            ],
            "ClipBounds": [
                412.8000030517578,
                567.6631927490234,
                464.58103942871094,
                577.1182403564453
            ],
            "Font": {
                "alt_family_name": "Arial",
                "embedded": true,
                "encoding": "WinAnsiEncoding",
                "family_name": "Arial",
                "font_type": "TrueType",
                "italic": false,
                "monospaced": false,
                "name": "GONICG+Arial-BoldMT",
                "subset": true,
                "weight": 700
            },
            "HasClip": true,
            "Lang": "en",
            "Page": 0,
            "Path": "//Document/Sect/Table/TR/TH[3]/P",
            "Text": "PAYMENT ",
            "TextSize": 10.080001831054688,
            "attributes": {
                "LineHeight": 12.125
            }
        },
        {
            "Bounds": [
                81.04800415039062,
                501.7431945800781,
                203.37879943847656,
                564.1382446289062
            ],
            "ClipBounds": [
                81.04800415039062,
                501.7431945800781,
                203.37879943847656,
                564.1382446289062
            ],
            "Page": 0,
            "Path": "//Document/Sect/Table/TR[2]/TD",
            "attributes": {
                "BBox": [
                    80.99669999999969,
                    501.73199999998906,
                    220.31099999999424,
                    566.6489999999758
                ],
                "BlockAlign": "After",
                "ColIndex": 0,
                "Height": 64.875,
                "InlineAlign": "Start",
                "RowIndex": 1,
                "Width": 139.375
            }
        },
        {
            "Bounds": [
                81.04800415039062,
                554.6831970214844,
                147.9791259765625,
                564.1382446289062
            ],
            "ClipBounds": [
                81.04800415039062,
                554.6831970214844,
                147.9791259765625,
                564.1382446289062
            ],
            "Font": {
                "alt_family_name": "Arial",
                "embedded": true,
                "encoding": "WinAnsiEncoding",
                "family_name": "Arial MT",
                "font_type": "TrueType",
                "italic": false,
                "monospaced": false,
                "name": "QLLQMM+ArialMT",
                "subset": true,
                "weight": 400
            },
            "HasClip": true,
            "Page": 0,
            "Path": "//Document/Sect/Table/TR[2]/TD/P/Sub",
            "Text": "Jill Schowalter ",
            "TextSize": 10.080001831054688,
            "attributes": {
                "Placement": "Block"
            }
        },
        {
            "Bounds": [
                81.04800415039062,
                541.3632049560547,
                203.37879943847656,
                550.8182373046875
            ],
            "ClipBounds": [
                81.04800415039062,
                541.3632049560547,
                203.37879943847656,
                550.8182373046875
            ],
            "Font": {
                "alt_family_name": "Arial",
                "embedded": true,
                "encoding": "WinAnsiEncoding",
                "family_name": "Arial MT",
                "font_type": "TrueType",
                "italic": false,
                "monospaced": false,
                "name": "QLLQMM+ArialMT",
                "subset": true,
                "weight": 400
            },
            "HasClip": true,
            "Page": 0,
            "Path": "//Document/Sect/Table/TR[2]/TD/P/Sub[2]",
            "Text": "Jill.Schowalter@gmail.com ",
            "TextSize": 10.080001831054688,
            "attributes": {
                "Placement": "Block"
            }
        },
        {
            "Bounds": [
                81.04800415039062,
                528.0431976318359,
                146.34808349609375,
                537.4982452392578
            ],
            "ClipBounds": [
                81.04800415039062,
                528.0431976318359,
                146.34808349609375,
                537.4982452392578
            ],
            "Font": {
                "alt_family_name": "Arial",
                "embedded": true,
                "encoding": "WinAnsiEncoding",
                "family_name": "Arial MT",
                "font_type": "TrueType",
                "italic": false,
                "monospaced": false,
                "name": "QLLQMM+ArialMT",
                "subset": true,
                "weight": 400
            },
            "HasClip": true,
            "Page": 0,
            "Path": "//Document/Sect/Table/TR[2]/TD/P/Sub[3]",
            "Text": "222-254-5978 ",
            "TextSize": 10.080001831054688,
            "attributes": {
                "Placement": "Block"
            }
        },
        {
            "Bounds": [
                81.04800415039062,
                514.7232055664062,
                184.18655395507812,
                524.1782379150391
            ],
            "ClipBounds": [
                81.04800415039062,
                514.7232055664062,
                184.18655395507812,
                524.1782379150391
            ],
            "Font": {
                "alt_family_name": "Arial",
                "embedded": true,
                "encoding": "WinAnsiEncoding",
                "family_name": "Arial MT",
                "font_type": "TrueType",
                "italic": false,
                "monospaced": false,
                "name": "QLLQMM+ArialMT",
                "subset": true,
                "weight": 400
            },
            "HasClip": true,
            "Page": 0,
            "Path": "//Document/Sect/Table/TR[2]/TD/P/Sub[4]",
            "Text": "68910 Ahmad Centers ",
            "TextSize": 10.080001831054688,
            "attributes": {
                "Placement": "Block"
            }
        },
        {
            "Bounds": [
                81.04800415039062,
                501.7431945800781,
                125.04719543457031,
                511.1982421875
            ],
            "ClipBounds": [
                81.04800415039062,
                501.7431945800781,
                125.04719543457031,
                511.1982421875
            ],
            "Font": {
                "alt_family_name": "Arial",
                "embedded": true,
                "encoding": "WinAnsiEncoding",
                "family_name": "Arial MT",
                "font_type": "TrueType",
                "italic": false,
                "monospaced": false,
                "name": "QLLQMM+ArialMT",
                "subset": true,
                "weight": 400
            },
            "HasClip": true,
            "Page": 0,
            "Path": "//Document/Sect/Table/TR[2]/TD/P/Sub[5]",
            "Text": "Vilaplana ",
            "TextSize": 10.080001831054688,
            "attributes": {
                "Placement": "Block"
            }
        },
        {
            "Bounds": [
                240.25999450683594,
                514.7232055664062,
                370.5238342285156,
                564.1382446289062
            ],
            "ClipBounds": [
                240.25999450683594,
                514.7232055664062,
                370.5238342285156,
                564.1382446289062
            ],
            "Page": 0,
            "Path": "//Document/Sect/Table/TR[2]/TD[2]",
            "attributes": {
                "BBox": [
                    220.31099999999424,
                    501.73199999998906,
                    403.903999999995,
                    566.6489999999758
                ],
                "BlockAlign": "Before",
                "ColIndex": 1,
                "Height": 64.875,
                "InlineAlign": "Start",
                "RowIndex": 1,
                "Width": 183.625
            }
        },
        {
            "Bounds": [
                240.25999450683594,
                514.7232055664062,
                370.5238342285156,
                564.1382446289062
            ],
            "ClipBounds": [
                240.25999450683594,
                514.7232055664062,
                370.5238342285156,
                564.1382446289062
            ],
            "Font": {
                "alt_family_name": "Arial",
                "embedded": true,
                "encoding": "WinAnsiEncoding",
                "family_name": "Arial MT",
                "font_type": "TrueType",
                "italic": false,
                "monospaced": false,
                "name": "QLLQMM+ArialMT",
                "subset": true,
                "weight": 400
            },
            "HasClip": true,
            "Lang": "en",
            "Page": 0,
            "Path": "//Document/Sect/Table/TR[2]/TD[2]/P",
            "Text": "reprehenderit sunt in eiusmod proident Lorem non proident tempor dolore cupidatat culpa nostrud nisi ",
            "TextSize": 10.080001831054688,
            "attributes": {
                "LineHeight": 13.375
            }
        },
        {
            "Bounds": [
                410.63999938964844,
                522.056396484375,
                513.0480804443359,
                564.1382446289062
            ],
            "ClipBounds": [
                410.63999938964844,
                522.056396484375,
                513.0480804443359,
                564.1382446289062
            ],
            "Page": 0,
            "Path": "//Document/Sect/Table/TR[2]/TD[3]",
            "attributes": {
                "BBox": [
                    403.903999999995,
                    501.73199999998906,
                    558.2169999999751,
                    566.6489999999758
                ],
                "BlockAlign": "Before",
                "ColIndex": 2,
                "Height": 64.875,
                "InlineAlign": "Start",
                "RowIndex": 1,
                "Width": 154.375
            }
        },
        {
            "Bounds": [
                412.8000030517578,
                554.6831970214844,
                513.0480804443359,
                564.1382446289062
            ],
            "ClipBounds": [
                412.8000030517578,
                554.6831970214844,
                513.0480804443359,
                564.1382446289062
            ],
            "Font": {
                "alt_family_name": "Arial",
                "embedded": true,
                "encoding": "WinAnsiEncoding",
                "family_name": "Arial MT",
                "font_type": "TrueType",
                "italic": false,
                "monospaced": false,
                "name": "QLLQMM+ArialMT",
                "subset": true,
                "weight": 400
            },
            "HasClip": true,
            "Lang": "en",
            "Page": 0,
            "Path": "//Document/Sect/Table/TR[2]/TD[3]/P",
            "Text": "Due date: 15-06-2023 ",
            "TextSize": 10.080001831054688,
            "attributes": {
                "LineHeight": 12.125
            }
        },
        {
            "Bounds": [
                410.63999938964844,
                522.056396484375,
                450.3784484863281,
                532.5244750976562
            ],
            "ClipBounds": [
                410.63999938964844,
                522.056396484375,
                450.3784484863281,
                532.5244750976562
            ],
            "Font": {
                "alt_family_name": "Arial",
                "embedded": true,
                "encoding": "WinAnsiEncoding",
                "family_name": "Arial",
                "font_type": "TrueType",
                "italic": false,
                "monospaced": false,
                "name": "GONICG+Arial-BoldMT",
                "subset": true,
                "weight": 700
            },
            "HasClip": true,
            "Lang": "en",
            "Page": 0,
            "Path": "//Document/Sect/Table/TR[2]/TD[3]/P[2]",
            "Text": "$33110 ",
            "TextSize": 11.160003662109375,
            "attributes": {
                "LineHeight": 13.375
            }
        },
        {
            "Bounds": [
                77.447998046875,
                430.0731964111328,
                530.1510314941406,
                439.5282440185547
            ],
            "ClipBounds": [
                77.447998046875,
                430.0731964111328,
                530.1510314941406,
                439.5282440185547
            ],
            "Page": 0,
            "Path": "//Document/Sect/Table[2]",
            "attributes": {
                "BBox": [
                    71.5170999999973,
                    414.73499999998603,
                    540.9379999999946,
                    447.73399999999674
                ],
                "NumCol": 4,
                "Placement": "Block",
                "SpaceAfter": 18
            }
        },
        {
            "Bounds": [
                77.447998046875,
                430.0731964111328,
                104.47239685058594,
                439.5282440185547
            ],
            "ClipBounds": [
                77.447998046875,
                430.0731964111328,
                104.47239685058594,
                439.5282440185547
            ],
            "Page": 0,
            "Path": "//Document/Sect/Table[2]/TR/TD",
            "attributes": {
                "BBox": [
                    71.5170999999973,
                    413.8949999999895,
                    358.78499999998894,
                    447.73399999999674
                ],
                "BlockAlign": "Middle",
                "BorderColor": [
                    [
                        0,
                        0,
                        0
                    ],
                    [
                        0.6235349999999755,
                        0.6235349999999755,
                        0.6235349999999755
                    ],
                    [
                        0,
                        0,
                        0
                    ],
                    [
                        0,
                        0,
                        0
                    ]
                ],
                "BorderStyle": "Solid",
                "BorderThickness": [
                    0.625,
                    0.875,
                    0.5,
                    0.25
                ],
                "ColIndex": 0,
                "Height": 33.875,
                "InlineAlign": "Start",
                "RowIndex": 0,
                "Width": 287.25
            }
        },
        {
            "Bounds": [
                77.447998046875,
                430.0731964111328,
                104.47239685058594,
                439.5282440185547
            ],
            "ClipBounds": [
                77.447998046875,
                430.0731964111328,
                104.47239685058594,
                439.5282440185547
            ],
            "Font": {
                "alt_family_name": "Arial",
                "embedded": true,
                "encoding": "WinAnsiEncoding",
                "family_name": "Arial",
                "font_type": "TrueType",
                "italic": false,
                "monospaced": false,
                "name": "GONICG+Arial-BoldMT",
                "subset": true,
                "weight": 700
            },
            "HasClip": true,
            "Lang": "en",
            "Page": 0,
            "Path": "//Document/Sect/Table[2]/TR/TD/P",
            "Text": "ITEM ",
            "TextSize": 10.080001831054688,
            "attributes": {
                "LineHeight": 12.125
            }
        },
        {
            "Bounds": [
                363.1000061035156,
                430.0731964111328,
                386.6570281982422,
                439.5282440185547
            ],
            "ClipBounds": [
                363.1000061035156,
                430.0731964111328,
                386.6570281982422,
                439.5282440185547
            ],
            "Page": 0,
            "Path": "//Document/Sect/Table[2]/TR/TD[2]",
            "attributes": {
                "BBox": [
                    358.304999999993,
                    413.8949999999895,
                    415.6629999999859,
                    447.73399999999674
                ],
                "BlockAlign": "Middle",
                "BorderColor": [
                    [
                        0,
                        0,
                        0
                    ],
                    [
                        0.6235349999999755,
                        0.6235349999999755,
                        0.6235349999999755
                    ],
                    [
                        0,
                        0,
                        0
                    ],
                    [
                        0,
                        0,
                        0
                    ]
                ],
                "BorderStyle": "Solid",
                "BorderThickness": [
                    0.625,
                    0.875,
                    0.25,
                    0.25
                ],
                "ColIndex": 1,
                "Height": 33.875,
                "InlineAlign": "Start",
                "RowIndex": 0,
                "Width": 57.375
            }
        },
        {
            "Bounds": [
                363.1000061035156,
                430.0731964111328,
                386.6570281982422,
                439.5282440185547
            ],
            "ClipBounds": [
                363.1000061035156,
                430.0731964111328,
                386.6570281982422,
                439.5282440185547
            ],
            "Font": {
                "alt_family_name": "Arial",
                "embedded": true,
                "encoding": "WinAnsiEncoding",
                "family_name": "Arial",
                "font_type": "TrueType",
                "italic": false,
                "monospaced": false,
                "name": "GONICG+Arial-BoldMT",
                "subset": true,
                "weight": 700
            },
            "HasClip": true,
            "Lang": "en",
            "Page": 0,
            "Path": "//Document/Sect/Table[2]/TR/TD[2]/P",
            "Text": "QTY ",
            "TextSize": 10.080001831054688,
            "attributes": {
                "LineHeight": 12.125
            }
        },
        {
            "Bounds": [
                420.3800048828125,
                430.0731964111328,
                450.7712707519531,
                439.5282440185547
            ],
            "ClipBounds": [
                420.3800048828125,
                430.0731964111328,
                450.7712707519531,
                439.5282440185547
            ],
            "Page": 0,
            "Path": "//Document/Sect/Table[2]/TR/TD[3]",
            "attributes": {
                "BBox": [
                    415.18299999999,
                    413.8949999999895,
                    481.8999999999942,
                    447.73399999999674
                ],
                "BlockAlign": "Middle",
                "BorderColor": [
                    [
                        0,
                        0,
                        0
                    ],
                    [
                        0.6235349999999755,
                        0.6235349999999755,
                        0.6235349999999755
                    ],
                    [
                        0,
                        0,
                        0
                    ],
                    [
                        0,
                        0,
                        0
                    ]
                ],
                "BorderStyle": "Solid",
                "BorderThickness": [
                    0.625,
                    0.875,
                    0.25,
                    0.25
                ],
                "ColIndex": 2,
                "Height": 33.875,
                "InlineAlign": "Start",
                "RowIndex": 0,
                "Width": 66.75
            }
        },
        {
            "Bounds": [
                420.3800048828125,
                430.0731964111328,
                450.7712707519531,
                439.5282440185547
            ],
            "ClipBounds": [
                420.3800048828125,
                430.0731964111328,
                450.7712707519531,
                439.5282440185547
            ],
            "Font": {
                "alt_family_name": "Arial",
                "embedded": true,
                "encoding": "WinAnsiEncoding",
                "family_name": "Arial",
                "font_type": "TrueType",
                "italic": false,
                "monospaced": false,
                "name": "GONICG+Arial-BoldMT",
                "subset": true,
                "weight": 700
            },
            "HasClip": true,
            "Lang": "en",
            "Page": 0,
            "Path": "//Document/Sect/Table[2]/TR/TD[3]/P",
            "Text": "RATE ",
            "TextSize": 10.080001831054688,
            "attributes": {
                "LineHeight": 12.125
            }
        },
        {
            "Bounds": [
                483.4100036621094,
                430.0731964111328,
                530.1510314941406,
                439.5282440185547
            ],
            "ClipBounds": [
                483.4100036621094,
                430.0731964111328,
                530.1510314941406,
                439.5282440185547
            ],
            "Page": 0,
            "Path": "//Document/Sect/Table[2]/TR/TD[4]",
            "attributes": {
                "BBox": [
                    481.41999999999825,
                    413.8949999999895,
                    541.417999999976,
                    447.73399999999674
                ],
                "BlockAlign": "Middle",
                "BorderColor": [
                    [
                        0,
                        0,
                        0
                    ],
                    [
                        0.6235349999999755,
                        0.6235349999999755,
                        0.6235349999999755
                    ],
                    [
                        0,
                        0,
                        0
                    ],
                    [
                        0,
                        0,
                        0
                    ]
                ],
                "BorderStyle": "Solid",
                "BorderThickness": [
                    0.625,
                    0.875,
                    0.25,
                    0.5
                ],
                "ColIndex": 3,
                "Height": 33.875,
                "InlineAlign": "Start",
                "RowIndex": 0,
                "Width": 60
            }
        },
        {
            "Bounds": [
                483.4100036621094,
                430.0731964111328,
                530.1510314941406,
                439.5282440185547
            ],
            "ClipBounds": [
                483.4100036621094,
                430.0731964111328,
                530.1510314941406,
                439.5282440185547
            ],
            "Font": {
                "alt_family_name": "Arial",
                "embedded": true,
                "encoding": "WinAnsiEncoding",
                "family_name": "Arial",
                "font_type": "TrueType",
                "italic": false,
                "monospaced": false,
                "name": "GONICG+Arial-BoldMT",
                "subset": true,
                "weight": 700
            },
            "HasClip": true,
            "Lang": "en",
            "Page": 0,
            "Path": "//Document/Sect/Table[2]/TR/TD[4]/P",
            "Text": "AMOUNT ",
            "TextSize": 10.080001831054688,
            "attributes": {
                "LineHeight": 12.125
            }
        },
        {
            "Bounds": [
                77.447998046875,
                260.0832061767578,
                523.4736785888672,
                403.50823974609375
            ],
            "ClipBounds": [
                77.447998046875,
                260.0832061767578,
                523.4736785888672,
                403.50823974609375
            ],
            "Page": 0,
            "Path": "//Document/Sect/Table[3]",
            "attributes": {
                "BBox": [
                    71.5170999999973,
                    242.66199999999662,
                    540.9379999999946,
                    411.97499999999127
                ],
                "NumCol": 4,
                "NumRow": 5,
                "Placement": "Block",
                "SpaceAfter": 18
            }
        },
        {
            "Bounds": [
                77.447998046875,
                394.05320739746094,
                195.88800048828125,
                403.50823974609375
            ],
            "ClipBounds": [
                77.447998046875,
                394.05320739746094,
                195.88800048828125,
                403.50823974609375
            ],
            "Page": 0,
            "Path": "//Document/Sect/Table[3]/TR/TD",
            "attributes": {
                "BBox": [
                    71.5170999999973,
                    376.33699999999953,
                    358.0649999999878,
                    411.97499999999127
                ],
                "BlockAlign": "Before",
                "BorderColor": [
                    0,
                    0,
                    0
                ],
                "BorderStyle": "Solid",
                "BorderThickness": [
                    0.625,
                    0.25,
                    0.5,
                    0.25
                ],
                "ColIndex": 0,
                "Height": 35.625,
                "InlineAlign": "Start",
                "RowIndex": 0,
                "Width": 286.375
            }
        },
        {
            "Bounds": [
                77.447998046875,
                394.05320739746094,
                195.88800048828125,
                403.50823974609375
            ],
            "ClipBounds": [
                77.447998046875,
                394.05320739746094,
                195.88800048828125,
                403.50823974609375
            ],
            "Font": {
                "alt_family_name": "Arial",
                "embedded": true,
                "encoding": "WinAnsiEncoding",
                "family_name": "Arial MT",
                "font_type": "TrueType",
                "italic": false,
                "monospaced": false,
                "name": "QLLQMM+ArialMT",
                "subset": true,
                "weight": 400
            },
            "HasClip": true,
            "Lang": "en",
            "Page": 0,
            "Path": "//Document/Sect/Table[3]/TR/TD/P",
            "Text": "Handcrafted Frozen Pizza ",
            "TextSize": 10.080001831054688,
            "attributes": {
                "LineHeight": 12.125
            }
        },
        {
            "Bounds": [
                363.82000732421875,
                394.05320739746094,
                383.3751983642578,
                403.50823974609375
            ],
            "ClipBounds": [
                363.82000732421875,
                394.05320739746094,
                383.3751983642578,
                403.50823974609375
            ],
            "Page": 0,
            "Path": "//Document/Sect/Table[3]/TR/TD[2]",
            "attributes": {
                "BBox": [
                    357.58499999999185,
                    376.33699999999953,
                    414.22299999999814,
                    411.97499999999127
                ],
                "BlockAlign": "Before",
                "BorderColor": [
                    0,
                    0,
                    0
                ],
                "BorderStyle": "Solid",
                "BorderThickness": [
                    0.625,
                    0.25,
                    0.25,
                    0.25
                ],
                "ColIndex": 1,
                "Height": 35.625,
                "InlineAlign": "Start",
                "RowIndex": 0,
                "Width": 56.625
            }
        },
        {
            "Bounds": [
                363.82000732421875,
                394.05320739746094,
                383.3751983642578,
                403.50823974609375
            ],
            "ClipBounds": [
                363.82000732421875,
                394.05320739746094,
                383.3751983642578,
                403.50823974609375
            ],
            "Font": {
                "alt_family_name": "Arial",
                "embedded": true,
                "encoding": "WinAnsiEncoding",
                "family_name": "Arial MT",
                "font_type": "TrueType",
                "italic": false,
                "monospaced": false,
                "name": "QLLQMM+ArialMT",
                "subset": true,
                "weight": 400
            },
            "HasClip": true,
            "Lang": "en",
            "Page": 0,
            "Path": "//Document/Sect/Table[3]/TR/TD[2]/P",
            "Text": "107 ",
            "TextSize": 10.080001831054688,
            "attributes": {
                "LineHeight": 12.125
            }
        },
        {
            "Bounds": [
                420.3800048828125,
                394.05320739746094,
                434.86000061035156,
                403.50823974609375
            ],
            "ClipBounds": [
                420.3800048828125,
                394.05320739746094,
                434.86000061035156,
                403.50823974609375
            ],
            "Page": 0,
            "Path": "//Document/Sect/Table[3]/TR/TD[3]",
            "attributes": {
                "BBox": [
                    413.74299999998766,
                    376.33699999999953,
                    481.8999999999942,
                    411.97499999999127
                ],
                "BlockAlign": "Before",
                "BorderColor": [
                    0,
                    0,
                    0
                ],
                "BorderStyle": "Solid",
                "BorderThickness": [
                    0.625,
                    0.25,
                    0.25,
                    0.25
                ],
                "ColIndex": 2,
                "Height": 35.625,
                "InlineAlign": "Start",
                "RowIndex": 0,
                "Width": 68.125
            }
        },
        {
            "Bounds": [
                420.3800048828125,
                394.05320739746094,
                434.86000061035156,
                403.50823974609375
            ],
            "ClipBounds": [
                420.3800048828125,
                394.05320739746094,
                434.86000061035156,
                403.50823974609375
            ],
            "Font": {
                "alt_family_name": "Arial",
                "embedded": true,
                "encoding": "WinAnsiEncoding",
                "family_name": "Arial MT",
                "font_type": "TrueType",
                "italic": false,
                "monospaced": false,
                "name": "QLLQMM+ArialMT",
                "subset": true,
                "weight": 400
            },
            "HasClip": true,
            "Lang": "en",
            "Page": 0,
            "Path": "//Document/Sect/Table[3]/TR/TD[3]/P",
            "Text": "98 ",
            "TextSize": 10.080001831054688,
            "attributes": {
                "LineHeight": 12.125
            }
        },
        {
            "Bounds": [
                487.00999450683594,
                394.05320739746094,
                523.4736785888672,
                403.50823974609375
            ],
            "ClipBounds": [
                487.00999450683594,
                394.05320739746094,
                523.4736785888672,
                403.50823974609375
            ],
            "Page": 0,
            "Path": "//Document/Sect/Table[3]/TR/TD[4]",
            "attributes": {
                "BBox": [
                    481.41999999999825,
                    376.33699999999953,
                    541.417999999976,
                    411.97499999999127
                ],
                "BlockAlign": "Before",
                "BorderColor": [
                    0,
                    0,
                    0
                ],
                "BorderStyle": "Solid",
                "BorderThickness": [
                    0.625,
                    0.25,
                    0.25,
                    0.5
                ],
                "ColIndex": 3,
                "Height": 35.625,
                "InlineAlign": "Start",
                "RowIndex": 0,
                "Width": 60
            }
        },
        {
            "Bounds": [
                487.00999450683594,
                394.05320739746094,
                523.4736785888672,
                403.50823974609375
            ],
            "ClipBounds": [
                487.00999450683594,
                394.05320739746094,
                523.4736785888672,
                403.50823974609375
            ],
            "Font": {
                "alt_family_name": "Arial",
                "embedded": true,
                "encoding": "WinAnsiEncoding",
                "family_name": "Arial MT",
                "font_type": "TrueType",
                "italic": false,
                "monospaced": false,
                "name": "QLLQMM+ArialMT",
                "subset": true,
                "weight": 400
            },
            "HasClip": true,
            "Lang": "en",
            "Page": 0,
            "Path": "//Document/Sect/Table[3]/TR/TD[4]/P",
            "Text": "$10486 ",
            "TextSize": 10.080001831054688,
            "attributes": {
                "LineHeight": 12.125
            }
        },
        {
            "Bounds": [
                77.447998046875,
                360.5731964111328,
                162.4425506591797,
                370.0282440185547
            ],
            "ClipBounds": [
                77.447998046875,
                360.5731964111328,
                162.4425506591797,
                370.0282440185547
            ],
            "Page": 0,
            "Path": "//Document/Sect/Table[3]/TR[2]/TD",
            "attributes": {
                "BBox": [
                    71.5170999999973,
                    344.6579999999958,
                    358.0649999999878,
                    376.81699999999546
                ],
                "BlockAlign": "Before",
                "BorderColor": [
                    0,
                    0,
                    0
                ],
                "BorderStyle": "Solid",
                "BorderThickness": [
                    0.25,
                    0.25,
                    0.5,
                    0.25
                ],
                "ColIndex": 0,
                "Height": 32.125,
                "InlineAlign": "Start",
                "RowIndex": 1,
                "Width": 286.375
            }
        },
        {
            "Bounds": [
                77.447998046875,
                360.5731964111328,
                162.4425506591797,
                370.0282440185547
            ],
            "ClipBounds": [
                77.447998046875,
                360.5731964111328,
                162.4425506591797,
                370.0282440185547
            ],
            "Font": {
                "alt_family_name": "Arial",
                "embedded": true,
                "encoding": "WinAnsiEncoding",
                "family_name": "Arial MT",
                "font_type": "TrueType",
                "italic": false,
                "monospaced": false,
                "name": "QLLQMM+ArialMT",
                "subset": true,
                "weight": 400
            },
            "HasClip": true,
            "Lang": "en",
            "Page": 0,
            "Path": "//Document/Sect/Table[3]/TR[2]/TD/P",
            "Text": "Refined Steel Bike ",
            "TextSize": 10.080001831054688,
            "attributes": {
                "LineHeight": 12.125
            }
        },
        {
            "Bounds": [
                363.82000732421875,
                360.5731964111328,
                378.3000030517578,
                370.0282440185547
            ],
            "ClipBounds": [
                363.82000732421875,
                360.5731964111328,
                378.3000030517578,
                370.0282440185547
            ],
            "Page": 0,
            "Path": "//Document/Sect/Table[3]/TR[2]/TD[2]",
            "attributes": {
                "BBox": [
                    357.58499999999185,
                    344.6579999999958,
                    414.22299999999814,
                    376.81699999999546
                ],
                "BlockAlign": "Before",
                "BorderColor": [
                    0,
                    0,
                    0
                ],
                "BorderStyle": "Solid",
                "BorderThickness": 0.25,
                "ColIndex": 1,
                "Height": 32.125,
                "InlineAlign": "Start",
                "RowIndex": 1,
                "Width": 56.625
            }
        },
        {
            "Bounds": [
                363.82000732421875,
                360.5731964111328,
                378.3000030517578,
                370.0282440185547
            ],
            "ClipBounds": [
                363.82000732421875,
                360.5731964111328,
                378.3000030517578,
                370.0282440185547
            ],
            "Font": {
                "alt_family_name": "Arial",
                "embedded": true,
                "encoding": "WinAnsiEncoding",
                "family_name": "Arial MT",
                "font_type": "TrueType",
                "italic": false,
                "monospaced": false,
                "name": "QLLQMM+ArialMT",
                "subset": true,
                "weight": 400
            },
            "HasClip": true,
            "Lang": "en",
            "Page": 0,
            "Path": "//Document/Sect/Table[3]/TR[2]/TD[2]/P",
            "Text": "83 ",
            "TextSize": 10.080001831054688,
            "attributes": {
                "LineHeight": 12.125
            }
        },
        {
            "Bounds": [
                420.3800048828125,
                360.5731964111328,
                434.86000061035156,
                370.0282440185547
            ],
            "ClipBounds": [
                420.3800048828125,
                360.5731964111328,
                434.86000061035156,
                370.0282440185547
            ],
            "Page": 0,
            "Path": "//Document/Sect/Table[3]/TR[2]/TD[3]",
            "attributes": {
                "BBox": [
                    413.74299999998766,
                    344.6579999999958,
                    481.8999999999942,
                    376.81699999999546
                ],
                "BlockAlign": "Before",
                "BorderColor": [
                    0,
                    0,
                    0
                ],
                "BorderStyle": "Solid",
                "BorderThickness": 0.25,
                "ColIndex": 2,
                "Height": 32.125,
                "InlineAlign": "Start",
                "RowIndex": 1,
                "Width": 68.125
            }
        },
        {
            "Bounds": [
                420.3800048828125,
                360.5731964111328,
                434.86000061035156,
                370.0282440185547
            ],
            "ClipBounds": [
                420.3800048828125,
                360.5731964111328,
                434.86000061035156,
                370.0282440185547
            ],
            "Font": {
                "alt_family_name": "Arial",
                "embedded": true,
                "encoding": "WinAnsiEncoding",
                "family_name": "Arial MT",
                "font_type": "TrueType",
                "italic": false,
                "monospaced": false,
                "name": "QLLQMM+ArialMT",
                "subset": true,
                "weight": 400
            },
            "HasClip": true,
            "Lang": "en",
            "Page": 0,
            "Path": "//Document/Sect/Table[3]/TR[2]/TD[3]/P",
            "Text": "55 ",
            "TextSize": 10.080001831054688,
            "attributes": {
                "LineHeight": 12.125
            }
        },
        {
            "Bounds": [
                487.00999450683594,
                360.5731964111328,
                517.7280731201172,
                370.0282440185547
            ],
            "ClipBounds": [
                487.00999450683594,
                360.5731964111328,
                517.7280731201172,
                370.0282440185547
            ],
            "Page": 0,
            "Path": "//Document/Sect/Table[3]/TR[2]/TD[4]",
            "attributes": {
                "BBox": [
                    481.41999999999825,
                    344.6579999999958,
                    541.417999999976,
                    376.81699999999546
                ],
                "BlockAlign": "Before",
                "BorderColor": [
                    0,
                    0,
                    0
                ],
                "BorderStyle": "Solid",
                "BorderThickness": [
                    0.25,
                    0.25,
                    0.25,
                    0.5
                ],
                "ColIndex": 3,
                "Height": 32.125,
                "InlineAlign": "Start",
                "RowIndex": 1,
                "Width": 60
            }
        },
        {
            "Bounds": [
                487.00999450683594,
                360.5731964111328,
                517.7280731201172,
                370.0282440185547
            ],
            "ClipBounds": [
                487.00999450683594,
                360.5731964111328,
                517.7280731201172,
                370.0282440185547
            ],
            "Font": {
                "alt_family_name": "Arial",
                "embedded": true,
                "encoding": "WinAnsiEncoding",
                "family_name": "Arial MT",
                "font_type": "TrueType",
                "italic": false,
                "monospaced": false,
                "name": "QLLQMM+ArialMT",
                "subset": true,
                "weight": 400
            },
            "HasClip": true,
            "Lang": "en",
            "Page": 0,
            "Path": "//Document/Sect/Table[3]/TR[2]/TD[4]/P",
            "Text": "$4565 ",
            "TextSize": 10.080001831054688,
            "attributes": {
                "LineHeight": 12.125
            }
        },
        {
            "Bounds": [
                77.447998046875,
                327.0632019042969,
                194.09375,
                336.5182342529297
            ],
            "ClipBounds": [
                77.447998046875,
                327.0632019042969,
                194.09375,
                336.5182342529297
            ],
            "Page": 0,
            "Path": "//Document/Sect/Table[3]/TR[3]/TD",
            "attributes": {
                "BBox": [
                    71.5170999999973,
                    310.09999999999127,
                    358.0649999999878,
                    345.13799999999173
                ],
                "BlockAlign": "Middle",
                "BorderColor": [
                    0,
                    0,
                    0
                ],
                "BorderStyle": "Solid",
                "BorderThickness": [
                    0.25,
                    0.25,
                    0.5,
                    0.25
                ],
                "ColIndex": 0,
                "Height": 35,
                "InlineAlign": "Start",
                "RowIndex": 2,
                "Width": 286.375
            }
        },
        {
            "Bounds": [
                77.447998046875,
                327.0632019042969,
                194.09375,
                336.5182342529297
            ],
            "ClipBounds": [
                77.447998046875,
                327.0632019042969,
                194.09375,
                336.5182342529297
            ],
            "Font": {
                "alt_family_name": "Arial",
                "embedded": true,
                "encoding": "WinAnsiEncoding",
                "family_name": "Arial MT",
                "font_type": "TrueType",
                "italic": false,
                "monospaced": false,
                "name": "QLLQMM+ArialMT",
                "subset": true,
                "weight": 400
            },
            "HasClip": true,
            "Lang": "en",
            "Page": 0,
            "Path": "//Document/Sect/Table[3]/TR[3]/TD/P",
            "Text": "Incredible Concrete Pizza ",
            "TextSize": 10.080001831054688,
            "attributes": {
                "LineHeight": 12.125
            }
        },
        {
            "Bounds": [
                363.82000732421875,
                327.0632019042969,
                372.2267150878906,
                336.5182342529297
            ],
            "ClipBounds": [
                363.82000732421875,
                327.0632019042969,
                372.2267150878906,
                336.5182342529297
            ],
            "Page": 0,
            "Path": "//Document/Sect/Table[3]/TR[3]/TD[2]",
            "attributes": {
                "BBox": [
                    357.58499999999185,
                    310.09999999999127,
                    414.22299999999814,
                    345.13799999999173
                ],
                "BlockAlign": "Middle",
                "BorderColor": [
                    0,
                    0,
                    0
                ],
                "BorderStyle": "Solid",
                "BorderThickness": 0.25,
                "ColIndex": 1,
                "Height": 35,
                "InlineAlign": "Start",
                "RowIndex": 2,
                "Width": 56.625
            }
        },
        {
            "Bounds": [
                363.82000732421875,
                327.0632019042969,
                372.2267150878906,
                336.5182342529297
            ],
            "ClipBounds": [
                363.82000732421875,
                327.0632019042969,
                372.2267150878906,
                336.5182342529297
            ],
            "Font": {
                "alt_family_name": "Arial",
                "embedded": true,
                "encoding": "WinAnsiEncoding",
                "family_name": "Arial MT",
                "font_type": "TrueType",
                "italic": false,
                "monospaced": false,
                "name": "QLLQMM+ArialMT",
                "subset": true,
                "weight": 400
            },
            "HasClip": true,
            "Lang": "en",
            "Page": 0,
            "Path": "//Document/Sect/Table[3]/TR[3]/TD[2]/P",
            "Text": "1 ",
            "TextSize": 10.080001831054688,
            "attributes": {
                "LineHeight": 12.125
            }
        },
        {
            "Bounds": [
                420.3800048828125,
                327.0632019042969,
                434.86000061035156,
                336.5182342529297
            ],
            "ClipBounds": [
                420.3800048828125,
                327.0632019042969,
                434.86000061035156,
                336.5182342529297
            ],
            "Page": 0,
            "Path": "//Document/Sect/Table[3]/TR[3]/TD[3]",
            "attributes": {
                "BBox": [
                    413.74299999998766,
                    310.09999999999127,
                    481.8999999999942,
                    345.13799999999173
                ],
                "BlockAlign": "Middle",
                "BorderColor": [
                    0,
                    0,
                    0
                ],
                "BorderStyle": "Solid",
                "BorderThickness": 0.25,
                "ColIndex": 2,
                "Height": 35,
                "InlineAlign": "Start",
                "RowIndex": 2,
                "Width": 68.125
            }
        },
        {
            "Bounds": [
                420.3800048828125,
                327.0632019042969,
                434.86000061035156,
                336.5182342529297
            ],
            "ClipBounds": [
                420.3800048828125,
                327.0632019042969,
                434.86000061035156,
                336.5182342529297
            ],
            "Font": {
                "alt_family_name": "Arial",
                "embedded": true,
                "encoding": "WinAnsiEncoding",
                "family_name": "Arial MT",
                "font_type": "TrueType",
                "italic": false,
                "monospaced": false,
                "name": "QLLQMM+ArialMT",
                "subset": true,
                "weight": 400
            },
            "HasClip": true,
            "Lang": "en",
            "Page": 0,
            "Path": "//Document/Sect/Table[3]/TR[3]/TD[3]/P",
            "Text": "91 ",
            "TextSize": 10.080001831054688,
            "attributes": {
                "LineHeight": 12.125
            }
        },
        {
            "Bounds": [
                487.00999450683594,
                327.0632019042969,
                506.17027282714844,
                336.5182342529297
            ],
            "ClipBounds": [
                487.00999450683594,
                327.0632019042969,
                506.17027282714844,
                336.5182342529297
            ],
            "Page": 0,
            "Path": "//Document/Sect/Table[3]/TR[3]/TD[4]",
            "attributes": {
                "BBox": [
                    481.41999999999825,
                    310.09999999999127,
                    541.417999999976,
                    345.13799999999173
                ],
                "BlockAlign": "Middle",
                "BorderColor": [
                    0,
                    0,
                    0
                ],
                "BorderStyle": "Solid",
                "BorderThickness": [
                    0.25,
                    0.25,
                    0.25,
                    0.5
                ],
                "ColIndex": 3,
                "Height": 35,
                "InlineAlign": "Start",
                "RowIndex": 2,
                "Width": 60
            }
        },
        {
            "Bounds": [
                487.00999450683594,
                327.0632019042969,
                506.17027282714844,
                336.5182342529297
            ],
            "ClipBounds": [
                487.00999450683594,
                327.0632019042969,
                506.17027282714844,
                336.5182342529297
            ],
            "Font": {
                "alt_family_name": "Arial",
                "embedded": true,
                "encoding": "WinAnsiEncoding",
                "family_name": "Arial MT",
                "font_type": "TrueType",
                "italic": false,
                "monospaced": false,
                "name": "QLLQMM+ArialMT",
                "subset": true,
                "weight": 400
            },
            "HasClip": true,
            "Lang": "en",
            "Page": 0,
            "Path": "//Document/Sect/Table[3]/TR[3]/TD[4]/P",
            "Text": "$91 ",
            "TextSize": 10.080001831054688,
            "attributes": {
                "LineHeight": 12.125
            }
        },
        {
            "Bounds": [
                77.447998046875,
                293.5632019042969,
                197.83343505859375,
                303.0182342529297
            ],
            "ClipBounds": [
                77.447998046875,
                293.5632019042969,
                197.83343505859375,
                303.0182342529297
            ],
            "Page": 0,
            "Path": "//Document/Sect/Table[3]/TR[4]/TD",
            "attributes": {
                "BBox": [
                    71.5170999999973,
                    275.54099999999744,
                    358.0649999999878,
                    310.5799999999872
                ],
                "BlockAlign": "Before",
                "BorderColor": [
                    0,
                    0,
                    0
                ],
                "BorderStyle": "Solid",
                "BorderThickness": [
                    0.25,
                    0.25,
                    0.5,
                    0.25
                ],
                "ColIndex": 0,
                "Height": 35,
                "InlineAlign": "Start",
                "RowIndex": 3,
                "Width": 286.375
            }
        },
        {
            "Bounds": [
                77.447998046875,
                293.5632019042969,
                197.83343505859375,
                303.0182342529297
            ],
            "ClipBounds": [
                77.447998046875,
                293.5632019042969,
                197.83343505859375,
                303.0182342529297
            ],
            "Font": {
                "alt_family_name": "Arial",
                "embedded": true,
                "encoding": "WinAnsiEncoding",
                "family_name": "Arial MT",
                "font_type": "TrueType",
                "italic": false,
                "monospaced": false,
                "name": "QLLQMM+ArialMT",
                "subset": true,
                "weight": 400
            },
            "HasClip": true,
            "Lang": "en",
            "Page": 0,
            "Path": "//Document/Sect/Table[3]/TR[4]/TD/P",
            "Text": "Handmade Frozen Towels ",
            "TextSize": 10.080001831054688,
            "attributes": {
                "LineHeight": 12.125
            }
        },
        {
            "Bounds": [
                363.82000732421875,
                293.5632019042969,
                378.3000030517578,
                303.0182342529297
            ],
            "ClipBounds": [
                363.82000732421875,
                293.5632019042969,
                378.3000030517578,
                303.0182342529297
            ],
            "Page": 0,
            "Path": "//Document/Sect/Table[3]/TR[4]/TD[2]",
            "attributes": {
                "BBox": [
                    357.58499999999185,
                    275.54099999999744,
                    414.22299999999814,
                    310.5799999999872
                ],
                "BlockAlign": "Before",
                "BorderColor": [
                    0,
                    0,
                    0
                ],
                "BorderStyle": "Solid",
                "BorderThickness": 0.25,
                "ColIndex": 1,
                "Height": 35,
                "InlineAlign": "Start",
                "RowIndex": 3,
                "Width": 56.625
            }
        },
        {
            "Bounds": [
                363.82000732421875,
                293.5632019042969,
                378.3000030517578,
                303.0182342529297
            ],
            "ClipBounds": [
                363.82000732421875,
                293.5632019042969,
                378.3000030517578,
                303.0182342529297
            ],
            "Font": {
                "alt_family_name": "Arial",
                "embedded": true,
                "encoding": "WinAnsiEncoding",
                "family_name": "Arial MT",
                "font_type": "TrueType",
                "italic": false,
                "monospaced": false,
                "name": "QLLQMM+ArialMT",
                "subset": true,
                "weight": 400
            },
            "HasClip": true,
            "Lang": "en",
            "Page": 0,
            "Path": "//Document/Sect/Table[3]/TR[4]/TD[2]/P",
            "Text": "63 ",
            "TextSize": 10.080001831054688,
            "attributes": {
                "LineHeight": 12.125
            }
        },
        {
            "Bounds": [
                420.3800048828125,
                293.5632019042969,
                434.86000061035156,
                303.0182342529297
            ],
            "ClipBounds": [
                420.3800048828125,
                293.5632019042969,
                434.86000061035156,
                303.0182342529297
            ],
            "Page": 0,
            "Path": "//Document/Sect/Table[3]/TR[4]/TD[3]",
            "attributes": {
                "BBox": [
                    413.74299999998766,
                    275.54099999999744,
                    481.8999999999942,
                    310.5799999999872
                ],
                "BlockAlign": "Before",
                "BorderColor": [
                    0,
                    0,
                    0
                ],
                "BorderStyle": "Solid",
                "BorderThickness": 0.25,
                "ColIndex": 2,
                "Height": 35,
                "InlineAlign": "Start",
                "RowIndex": 3,
                "Width": 68.125
            }
        },
        {
            "Bounds": [
                420.3800048828125,
                293.5632019042969,
                434.86000061035156,
                303.0182342529297
            ],
            "ClipBounds": [
                420.3800048828125,
                293.5632019042969,
                434.86000061035156,
                303.0182342529297
            ],
            "Font": {
                "alt_family_name": "Arial",
                "embedded": true,
                "encoding": "WinAnsiEncoding",
                "family_name": "Arial MT",
                "font_type": "TrueType",
                "italic": false,
                "monospaced": false,
                "name": "QLLQMM+ArialMT",
                "subset": true,
                "weight": 400
            },
            "HasClip": true,
            "Lang": "en",
            "Page": 0,
            "Path": "//Document/Sect/Table[3]/TR[4]/TD[3]/P",
            "Text": "80 ",
            "TextSize": 10.080001831054688,
            "attributes": {
                "LineHeight": 12.125
            }
        },
        {
            "Bounds": [
                487.00999450683594,
                293.5632019042969,
                517.7280731201172,
                303.0182342529297
            ],
            "ClipBounds": [
                487.00999450683594,
                293.5632019042969,
                517.7280731201172,
                303.0182342529297
            ],
            "Page": 0,
            "Path": "//Document/Sect/Table[3]/TR[4]/TD[4]",
            "attributes": {
                "BBox": [
                    481.41999999999825,
                    275.54099999999744,
                    541.417999999976,
                    310.5799999999872
                ],
                "BlockAlign": "Before",
                "BorderColor": [
                    0,
                    0,
                    0
                ],
                "BorderStyle": "Solid",
                "BorderThickness": [
                    0.25,
                    0.25,
                    0.25,
                    0.5
                ],
                "ColIndex": 3,
                "Height": 35,
                "InlineAlign": "Start",
                "RowIndex": 3,
                "Width": 60
            }
        },
        {
            "Bounds": [
                487.00999450683594,
                293.5632019042969,
                517.7280731201172,
                303.0182342529297
            ],
            "ClipBounds": [
                487.00999450683594,
                293.5632019042969,
                517.7280731201172,
                303.0182342529297
            ],
            "Font": {
                "alt_family_name": "Arial",
                "embedded": true,
                "encoding": "WinAnsiEncoding",
                "family_name": "Arial MT",
                "font_type": "TrueType",
                "italic": false,
                "monospaced": false,
                "name": "QLLQMM+ArialMT",
                "subset": true,
                "weight": 400
            },
            "HasClip": true,
            "Lang": "en",
            "Page": 0,
            "Path": "//Document/Sect/Table[3]/TR[4]/TD[4]/P",
            "Text": "$5040 ",
            "TextSize": 10.080001831054688,
            "attributes": {
                "LineHeight": 12.125
            }
        },
        {
            "Bounds": [
                77.447998046875,
                260.0832061767578,
                184.76976013183594,
                269.5382385253906
            ],
            "ClipBounds": [
                77.447998046875,
                260.0832061767578,
                184.76976013183594,
                269.5382385253906
            ],
            "Page": 0,
            "Path": "//Document/Sect/Table[3]/TR[5]/TD",
            "attributes": {
                "BBox": [
                    71.5170999999973,
                    242.06199999999808,
                    358.0649999999878,
                    276.02099999999336
                ],
                "BlockAlign": "Before",
                "BorderColor": [
                    0,
                    0,
                    0
                ],
                "BorderStyle": "Solid",
                "BorderThickness": [
                    0.25,
                    0.625,
                    0.5,
                    0.25
                ],
                "ColIndex": 0,
                "Height": 34,
                "InlineAlign": "Start",
                "RowIndex": 4,
                "Width": 286.375
            }
        },
        {
            "Bounds": [
                77.447998046875,
                260.0832061767578,
                184.76976013183594,
                269.5382385253906
            ],
            "ClipBounds": [
                77.447998046875,
                260.0832061767578,
                184.76976013183594,
                269.5382385253906
            ],
            "Font": {
                "alt_family_name": "Arial",
                "embedded": true,
                "encoding": "WinAnsiEncoding",
                "family_name": "Arial MT",
                "font_type": "TrueType",
                "italic": false,
                "monospaced": false,
                "name": "QLLQMM+ArialMT",
                "subset": true,
                "weight": 400
            },
            "HasClip": true,
            "Lang": "en",
            "Page": 0,
            "Path": "//Document/Sect/Table[3]/TR[5]/TD/P",
            "Text": "Licensed Steel Chicken ",
            "TextSize": 10.080001831054688,
            "attributes": {
                "LineHeight": 12.125
            }
        },
        {
            "Bounds": [
                363.82000732421875,
                260.0832061767578,
                383.3751983642578,
                269.5382385253906
            ],
            "ClipBounds": [
                363.82000732421875,
                260.0832061767578,
                383.3751983642578,
                269.5382385253906
            ],
            "Page": 0,
            "Path": "//Document/Sect/Table[3]/TR[5]/TD[2]",
            "attributes": {
                "BBox": [
                    357.58499999999185,
                    242.06199999999808,
                    414.22299999999814,
                    276.02099999999336
                ],
                "BlockAlign": "Before",
                "BorderColor": [
                    0,
                    0,
                    0
                ],
                "BorderStyle": "Solid",
                "BorderThickness": [
                    0.25,
                    0.625,
                    0.25,
                    0.25
                ],
                "ColIndex": 1,
                "Height": 34,
                "InlineAlign": "Start",
                "RowIndex": 4,
                "Width": 56.625
            }
        },
        {
            "Bounds": [
                363.82000732421875,
                260.0832061767578,
                383.3751983642578,
                269.5382385253906
            ],
            "ClipBounds": [
                363.82000732421875,
                260.0832061767578,
                383.3751983642578,
                269.5382385253906
            ],
            "Font": {
                "alt_family_name": "Arial",
                "embedded": true,
                "encoding": "WinAnsiEncoding",
                "family_name": "Arial MT",
                "font_type": "TrueType",
                "italic": false,
                "monospaced": false,
                "name": "QLLQMM+ArialMT",
                "subset": true,
                "weight": 400
            },
            "HasClip": true,
            "Lang": "en",
            "Page": 0,
            "Path": "//Document/Sect/Table[3]/TR[5]/TD[2]/P",
            "Text": "114 ",
            "TextSize": 10.080001831054688,
            "attributes": {
                "LineHeight": 12.125
            }
        },
        {
            "Bounds": [
                420.3800048828125,
                260.0832061767578,
                434.86000061035156,
                269.5382385253906
            ],
            "ClipBounds": [
                420.3800048828125,
                260.0832061767578,
                434.86000061035156,
                269.5382385253906
            ],
            "Page": 0,
            "Path": "//Document/Sect/Table[3]/TR[5]/TD[3]",
            "attributes": {
                "BBox": [
                    413.74299999998766,
                    242.06199999999808,
                    481.8999999999942,
                    276.02099999999336
                ],
                "BlockAlign": "Before",
                "BorderColor": [
                    0,
                    0,
                    0
                ],
                "BorderStyle": "Solid",
                "BorderThickness": [
                    0.25,
                    0.625,
                    0.25,
                    0.25
                ],
                "ColIndex": 2,
                "Height": 34,
                "InlineAlign": "Start",
                "RowIndex": 4,
                "Width": 68.125
            }
        },
        {
            "Bounds": [
                420.3800048828125,
                260.0832061767578,
                434.86000061035156,
                269.5382385253906
            ],
            "ClipBounds": [
                420.3800048828125,
                260.0832061767578,
                434.86000061035156,
                269.5382385253906
            ],
            "Font": {
                "alt_family_name": "Arial",
                "embedded": true,
                "encoding": "WinAnsiEncoding",
                "family_name": "Arial MT",
                "font_type": "TrueType",
                "italic": false,
                "monospaced": false,
                "name": "QLLQMM+ArialMT",
                "subset": true,
                "weight": 400
            },
            "HasClip": true,
            "Lang": "en",
            "Page": 0,
            "Path": "//Document/Sect/Table[3]/TR[5]/TD[3]/P",
            "Text": "87 ",
            "TextSize": 10.080001831054688,
            "attributes": {
                "LineHeight": 12.125
            }
        },
        {
            "Bounds": [
                487.00999450683594,
                260.0832061767578,
                517.7280731201172,
                269.5382385253906
            ],
            "ClipBounds": [
                487.00999450683594,
                260.0832061767578,
                517.7280731201172,
                269.5382385253906
            ],
            "Page": 0,
            "Path": "//Document/Sect/Table[3]/TR[5]/TD[4]",
            "attributes": {
                "BBox": [
                    481.41999999999825,
                    242.06199999999808,
                    541.417999999976,
                    276.02099999999336
                ],
                "BlockAlign": "Before",
                "BorderColor": [
                    0,
                    0,
                    0
                ],
                "BorderStyle": "Solid",
                "BorderThickness": [
                    0.25,
                    0.625,
                    0.25,
                    0.5
                ],
                "ColIndex": 3,
                "Height": 34,
                "InlineAlign": "Start",
                "RowIndex": 4,
                "Width": 60
            }
        },
        {
            "Bounds": [
                487.00999450683594,
                260.0832061767578,
                517.7280731201172,
                269.5382385253906
            ],
            "ClipBounds": [
                487.00999450683594,
                260.0832061767578,
                517.7280731201172,
                269.5382385253906
            ],
            "Font": {
                "alt_family_name": "Arial",
                "embedded": true,
                "encoding": "WinAnsiEncoding",
                "family_name": "Arial MT",
                "font_type": "TrueType",
                "italic": false,
                "monospaced": false,
                "name": "QLLQMM+ArialMT",
                "subset": true,
                "weight": 400
            },
            "HasClip": true,
            "Lang": "en",
            "Page": 0,
            "Path": "//Document/Sect/Table[3]/TR[5]/TD[4]/P",
            "Text": "$9918 ",
            "TextSize": 10.080001831054688,
            "attributes": {
                "LineHeight": 12.125
            }
        },
        {
            "Bounds": [
                77.447998046875,
                180.1132049560547,
                120.4593505859375,
                189.5682373046875
            ],
            "ClipBounds": [
                77.447998046875,
                180.1132049560547,
                120.4593505859375,
                189.5682373046875
            ],
            "Font": {
                "alt_family_name": "Arial",
                "embedded": true,
                "encoding": "WinAnsiEncoding",
                "family_name": "Arial",
                "font_type": "TrueType",
                "italic": false,
                "monospaced": false,
                "name": "GONICG+Arial-BoldMT",
                "subset": true,
                "weight": 700
            },
            "HasClip": true,
            "Lang": "en",
            "Page": 0,
            "Path": "//Document/Sect/P[5]",
            "Text": "Subtotal ",
            "TextSize": 10.080001831054688,
            "attributes": {
                "LineHeight": 12.125,
                "SpaceAfter": 18
            }
        },
        {
            "Bounds": [
                77.447998046875,
                146.6132049560547,
                109.73143005371094,
                156.0682373046875
            ],
            "ClipBounds": [
                77.447998046875,
                146.6132049560547,
                109.73143005371094,
                156.0682373046875
            ],
            "Font": {
                "alt_family_name": "Arial",
                "embedded": true,
                "encoding": "WinAnsiEncoding",
                "family_name": "Arial",
                "font_type": "TrueType",
                "italic": false,
                "monospaced": false,
                "name": "GONICG+Arial-BoldMT",
                "subset": true,
                "weight": 700
            },
            "HasClip": true,
            "Lang": "en",
            "Page": 0,
            "Path": "//Document/Sect/P[6]",
            "Text": "Tax % ",
            "TextSize": 10.080001831054688,
            "attributes": {
                "LineHeight": 12.125
            }
        },
        {
            "Bounds": [
                485.92999267578125,
                180.1132049560547,
                522.3792724609375,
                189.5682373046875
            ],
            "ClipBounds": [
                485.92999267578125,
                180.1132049560547,
                522.3792724609375,
                189.5682373046875
            ],
            "Font": {
                "alt_family_name": "Arial",
                "embedded": true,
                "encoding": "WinAnsiEncoding",
                "family_name": "Arial MT",
                "font_type": "TrueType",
                "italic": false,
                "monospaced": false,
                "name": "QLLQMM+ArialMT",
                "subset": true,
                "weight": 400
            },
            "HasClip": true,
            "Lang": "en",
            "Page": 0,
            "Path": "//Document/Sect/P[7]",
            "Text": "$30100 ",
            "TextSize": 10.080001831054688,
            "attributes": {
                "LineHeight": 12.125,
                "SpaceAfter": 18
            }
        },
        {
            "Bounds": [
                485.92999267578125,
                146.6132049560547,
                500.4100036621094,
                156.0682373046875
            ],
            "ClipBounds": [
                485.92999267578125,
                146.6132049560547,
                500.4100036621094,
                156.0682373046875
            ],
            "Font": {
                "alt_family_name": "Arial",
                "embedded": true,
                "encoding": "WinAnsiEncoding",
                "family_name": "Arial MT",
                "font_type": "TrueType",
                "italic": false,
                "monospaced": false,
                "name": "QLLQMM+ArialMT",
                "subset": true,
                "weight": 400
            },
            "HasClip": true,
            "Lang": "en",
            "Page": 0,
            "Path": "//Document/Sect/P[8]",
            "Text": "10 ",
            "TextSize": 10.080001831054688,
            "attributes": {
                "LineHeight": 12.125
            }
        },
        {
            "Bounds": [
                77.447998046875,
                650.8531951904297,
                126.14447021484375,
                660.3082427978516
            ],
            "ClipBounds": [
                77.447998046875,
                650.8531951904297,
                126.14447021484375,
                660.3082427978516
            ],
            "Font": {
                "alt_family_name": "Arial",
                "embedded": true,
                "encoding": "WinAnsiEncoding",
                "family_name": "Arial",
                "font_type": "TrueType",
                "italic": false,
                "monospaced": false,
                "name": "GONICG+Arial-BoldMT",
                "subset": true,
                "weight": 700
            },
            "HasClip": true,
            "Lang": "en",
            "Page": 1,
            "Path": "//Document/Sect/P[9]",
            "Text": "Total Due ",
            "TextSize": 10.080001831054688,
            "attributes": {
                "LineHeight": 12.125
            }
        },
        {
            "Bounds": [
                485.92999267578125,
                648.9199981689453,
                518.7078704833984,
                657.3619995117188
            ],
            "ClipBounds": [
                485.92999267578125,
                648.9199981689453,
                518.7078704833984,
                657.3619995117188
            ],
            "Font": {
                "alt_family_name": "Arial",
                "embedded": true,
                "encoding": "WinAnsiEncoding",
                "family_name": "Arial MT",
                "font_type": "TrueType",
                "italic": false,
                "monospaced": false,
                "name": "QLLQMM+ArialMT",
                "subset": true,
                "weight": 400
            },
            "HasClip": true,
            "Lang": "en",
            "Page": 1,
            "Path": "//Document/Sect/P[10]",
            "Text": "$33110 ",
            "TextSize": 9,
            "attributes": {
                "LineHeight": 10.75,
                "TextAlign": "End"
            }
        }
    ],
    "pages": [
        {
            "boxes": {
                "CropBox": [
                    0,
                    0,
                    612,
                    792
                ],
                "MediaBox": [
                    0,
                    0,
                    612,
                    792
                ]
            },
            "height": 792,
            "is_scanned": false,
            "page_number": 0,
            "rotation": 0,
            "width": 612
        },
        {
            "boxes": {
                "CropBox": [
                    0,
                    0,
                    612,
                    792
                ],
                "MediaBox": [
                    0,
                    0,
                    612,
                    792
                ]
            },
            "height": 792,
            "is_scanned": false,
            "page_number": 1,
            "rotation": 0,
            "width": 612
        }
    ]
}