{
    "version": {
        "json_export": "187",
        "page_segmentation": "5",
        "schema": "1.1.0",
        "structure": "1.1036.0",
        "table_structure": "5"
    },
    "extended_metadata": {
        "ID_instance": "28 81 4C AB 42 B7 B2 11 0A 00 67 45 8B 6B C6 23 ",
        "ID_permanent": "37 41 20 31 43 20 34 41 20 41 42 20 34 32 20 42 37 20 42 32 20 31 31 20 30 41 20 30 30 20 36 37 20 34 35 20 38 42 20 36 42 20 43 36 20 32 33 20 ",
        "pdf_version": "1.6",
        "pdfa_compliance_level": "",
        "is_encrypted": false,
        "has_acroform": false,
        "is_digitally_signed": false,
        "pdfua_compliance_level": "",
        "page_count": 2,
        "has_embedded_files": false,
        "is_certified": false,
        "is_XFA": false,
        "language": "en-US"
    },
    "elements": [
        {
            "Bounds": [
                76.72799682617188,
                734.4232025146484,
                171.43968200683594,
                743.8782348632812
            ],
            "ClipBounds": [
                76.72799682617188,
                734.4232025146484,
                171.43968200683594,
                743.8782348632812
            ],
            "Font": {
                "alt_family_name": "Arial",
                "embedded": true,
                "encoding": "WinAnsiEncoding",
                "family_name": "Arial",
                "font_type": "TrueType",
                "italic": false,
                "monospaced": false,
                "name": "AODFAI+Arial-BoldMT",
                "subset": true,
                "weight": 700
            },
            "HasClip": true,
            "Lang": "en",
            "Page": 0,
            "Path": "//Document/Sect/P",
            "Text": "NearBy Electronics ",
            "TextSize": 10.080001831054688
        },
        {
            "Bounds": [
                76.72799682617188,
                721.1031951904297,
                214.52447509765625,
                730.5582427978516
            ],
            "ClipBounds": [
                76.72799682617188,
                721.1031951904297,
                214.52447509765625,
                730.5582427978516
            ],
            "Font": {
                "alt_family_name": "Arial",
                "embedded": true,
                "encoding": "WinAnsiEncoding",
                "family_name": "Arial MT",
                "font_type": "TrueType",
                "italic": false,
                "monospaced": false,
                "name": "IICWIS+ArialMT",
                "subset": true,
                "weight": 400
            },
            "HasClip": true,
            "Page": 0,
            "Path": "//Document/Sect/P[2]/Sub",
            "Text": "3741 Glory Road, Jamestown, ",
            "TextSize": 10.080001831054688,
            "attributes": {
                "Placement": "Block"
            }
        },
        {
            "Bounds": [
                76.72799682617188,
                708.1132049560547,
                155.30166625976562,
                717.5682373046875
            ],
            "ClipBounds": [
                76.72799682617188,
                708.1132049560547,
                155.30166625976562,
                717.5682373046875
            ],
            "Font": {
                "alt_family_name": "Arial",
                "embedded": true,
                "encoding": "WinAnsiEncoding",
                "family_name": "Arial MT",
                "font_type": "TrueType",
                "italic": false,
                "monospaced": false,
                "name": "IICWIS+ArialMT",
                "subset": true,
                "weight": 400
            },
            "HasClip": true,
            "Page": 0,
            "Path": "//Document/Sect/P[2]/Sub[2]",
            "Text": "Tennessee, USA ",
            "TextSize": 10.080001831054688,
            "attributes": {
                "Placement": "Block"
            }
        },
        {
            "Bounds": [
                76.72799682617188,
                694.7931976318359,
                107.43167114257812,
                704.2482452392578
            ],
            "ClipBounds": [
                76.72799682617188,
                694.7931976318359,
                107.43167114257812,
                704.2482452392578
            ],
            "Font": {
                "alt_family_name": "Arial",
                "embedded": true,
                "encoding": "WinAnsiEncoding",
                "family_name": "Arial MT",
                "font_type": "TrueType",
                "italic": false,
                "monospaced": false,
                "name": "IICWIS+ArialMT",
                "subset": true,
                "weight": 400
            },
            "HasClip": true,
            "Page": 0,
            "Path": "//Document/Sect/P[2]/Sub[3]",
            "Text": "38556 ",
            "TextSize": 10.080001831054688,
            "attributes": {
                "Placement": "Block"
            }
        },
        {
            "Bounds": [
                499.99000549316406,
                734.4232025146484,
                542.9308013916016,
                743.8782348632812
            ],
            "ClipBounds": [
                499.99000549316406,
                734.4232025146484,
                542.9308013916016,
                743.8782348632812
            ],
            "Font": {
                "alt_family_name": "Arial",
                "embedded": true,
                "encoding": "WinAnsiEncoding",
                "family_name": "Arial",
                "font_type": "TrueType",
                "italic": false,
                "monospaced": false,
                "name": "AODFAI+Arial-BoldMT",
                "subset": true,
                "weight": 700
            },
            "HasClip": true,
            "Lang": "en",
            "Page": 0,
            "Path": "//Document/Sect/P[3]",
            "Text": "Invoice# ",
            "TextSize": 10.080001831054688,
            "attributes": {
                "LineHeight": 12.125,
                "TextAlign": "End"
            }
        },
        {
            "Bounds": [
                363.1000061035156,
                694.7931976318359,
                543.3080749511719,
                730.5582427978516
            ],
            "ClipBounds": [
                363.1000061035156,
                694.7931976318359,
                543.3080749511719,
                730.5582427978516
            ],
            "Font": {
                "alt_family_name": "Arial",
                "embedded": true,
                "encoding": "WinAnsiEncoding",
                "family_name": "Arial MT",
                "font_type": "TrueType",
                "italic": false,
                "monospaced": false,
                "name": "IICWIS+ArialMT",
                "subset": true,
                "weight": 400
            },
            "HasClip": true,
            "Lang": "en",
            "Page": 0,
            "Path": "//Document/Sect/P[4]",
            "Text": "AL2991271759WVVHALZ3QB8SKQ77 Issue date 12-05-2023 ",
            "TextSize": 10.080001831054688,
            "attributes": {
                "LineHeight": 13.125,
                "TextAlign": "End"
            }
        },
        {
            "Bounds": [
                76.72799682617188,
                636.5885620117188,
                295.7052459716797,
                659.9109954833984
            ],
            "ClipBounds": [
                76.72799682617188,
                636.5885620117188,
                295.7052459716797,
                659.9109954833984
            ],
            "Font": {
                "alt_family_name": "Arial",
                "embedded": true,
                "encoding": "WinAnsiEncoding",
                "family_name": "Arial MT",
                "font_type": "TrueType",
                "italic": false,
                "monospaced": false,
                "name": "IICWIS+ArialMT",
                "subset": true,
                "weight": 400
            },
            "HasClip": true,
            "Lang": "en",
            "Page": 0,
            "Path": "//Document/Sect/Title",
            "Text": "NearBy Electronics ",
            "TextSize": 24.863998413085938,
            "attributes": {
                "LineHeight": 29.875
            }
        },
        {
            "Bounds": [
                76.72799682617188,
                620.6132049560547,
                460.8868713378906,
                630.0682373046875
            ],
            "ClipBounds": [
                76.72799682617188,
                620.6132049560547,
                460.8868713378906,
                630.0682373046875
            ],
            "Font": {
                "alt_family_name": "Arial",
                "embedded": true,
                "encoding": "WinAnsiEncoding",
                "family_name": "Arial MT",
                "font_type": "TrueType",
                "italic": false,
                "monospaced": false,
                "name": "IICWIS+ArialMT",
                "subset": true,
                "weight": 400
            },
            "HasClip": true,
            "Lang": "en",
            "Page": 0,
            "Path": "//Document/Sect/P[5]",
            "Text": "We are here to serve you better. Reach out to us in case of any concern or feedbacks. ",
            "TextSize": 10.080001831054688,
            "attributes": {
                "SpaceAfter": 18
            }
        },
        {
            "Bounds": [
                81.04800415039062,
                488.42320251464844,
                513.0480804443359,
                577.1182403564453
            ],
            "ClipBounds": [
                81.04800415039062,
                488.42320251464844,
                513.0480804443359,
                577.1182403564453
            ],
            "Page": 0,
            "Path": "//Document/Sect/Table",
            "attributes": {
                "BBox": [
                    80.99669999999969,
                    490.3319999999949,
                    558.2169999999751,
                    575.4089999999851
                ],
                "NumCol": 3,
                "NumRow": 2,
                "Placement": "Block",
                "SpaceAfter": 18
            }
        },
        {
            "Bounds": [
                81.04800415039062,
                567.6631927490234,
                122.99087524414062,
                577.1182403564453
            ],
            "ClipBounds": [
                81.04800415039062,
                567.6631927490234,
                122.99087524414062,
                577.1182403564453
            ],
            "Page": 0,
            "Path": "//Document/Sect/Table/TR/TH",
            "attributes": {
                "BBox": [
                    80.99669999999969,
                    566.6489999999758,
                    219.59099999999307,
                    575.4089999999851
                ],
                "BlockAlign": "Before",
                "ColIndex": 0,
                "Height": 8.75,
                "InlineAlign": "Start",
                "RowIndex": 0,
                "Width": 138.625
            }
        },
        {
            "Bounds": [
                81.04800415039062,
                567.6631927490234,
                122.99087524414062,
                577.1182403564453
            ],
            "ClipBounds": [
                81.04800415039062,
                567.6631927490234,
                122.99087524414062,
                577.1182403564453
            ],
            "Font": {
                "alt_family_name": "Arial",
                "embedded": true,
                "encoding": "WinAnsiEncoding",
                "family_name": "Arial",
                "font_type": "TrueType",
                "italic": false,
                "monospaced": false,
                "name": "AODFAI+Arial-BoldMT",
                "subset": true,
                "weight": 700
            },
            "HasClip": true,
            "Lang": "en",
            "Page": 0,
            "Path": "//Document/Sect/Table/TR/TH/P",
            "Text": "BILL TO ",
            "TextSize": 10.080001831054688,
            "attributes": {
                "LineHeight": 12.125
            }
        },
        {
            "Bounds": [
                240.25999450683594,
                567.6631927490234,
                286.1240692138672,
                577.1182403564453
            ],
            "ClipBounds": [
                240.25999450683594,
                567.6631927490234,
                286.1240692138672,
                577.1182403564453
            ],
            "Page": 0,
            "Path": "//Document/Sect/Table/TR/TH[2]",
            "attributes": {
                "BBox": [
                    219.59099999999307,
                    566.6489999999758,
                    359.2649999999994,
                    575.4089999999851
                ],
                "BlockAlign": "Before",
                "ColIndex": 1,
                "Height": 8.75,
                "InlineAlign": "Start",
                "RowIndex": 0,
                "Width": 139.625
            }
        },
        {
            "Bounds": [
                240.25999450683594,
                567.6631927490234,
                286.1240692138672,
                577.1182403564453
            ],
            "ClipBounds": [
                240.25999450683594,
                567.6631927490234,
                286.1240692138672,
                577.1182403564453
            ],
            "Font": {
                "alt_family_name": "Arial",
                "embedded": true,
                "encoding": "WinAnsiEncoding",
                "family_name": "Arial",
                "font_type": "TrueType",
                "italic": false,
                "monospaced": false,
                "name": "AODFAI+Arial-BoldMT",
                "subset": true,
                "weight": 700
            },
            "HasClip": true,
            "Lang": "en",
            "Page": 0,
            "Path": "//Document/Sect/Table/TR/TH[2]/P",
            "Text": "DETAILS ",
            "TextSize": 10.080001831054688,
            "attributes": {
                "LineHeight": 12.125
            }
        },
        {
            "Bounds": [
                412.8000030517578,
                567.6631927490234,
                464.58103942871094,
                577.1182403564453
            ],
            "ClipBounds": [
                412.8000030517578,
                567.6631927490234,
                464.58103942871094,
                577.1182403564453
            ],
            "Page": 0,
            "Path": "//Document/Sect/Table/TR/TH[3]",
            "attributes": {
                "BBox": [
                    359.2649999999994,
                    566.6489999999758,
                    558.2169999999751,
                    575.4089999999851
                ],
                "BlockAlign": "Before",
                "ColIndex": 2,
                "Height": 8.75,
                "InlineAlign": "Center",
                "RowIndex": 0,
                "Width": 199
            }
        },
        {
            "Bounds": [
                412.8000030517578,
                567.6631927490234,
                464.58103942871094,
                577.1182403564453
            ],
            "ClipBounds": [
                412.8000030517578,
                567.6631927490234,
                464.58103942871094,
                577.1182403564453
            ],
            "Font": {
                "alt_family_name": "Arial",
                "embedded": true,
                "encoding": "WinAnsiEncoding",
                "family_name": "Arial",
                "font_type": "TrueType",
                "italic": false,
                "monospaced": false,
                "name": "AODFAI+Arial-BoldMT",
                "subset": true,
                "weight": 700
            },
            "HasClip": true,
            "Lang": "en",
            "Page": 0,
            "Path": "//Document/Sect/Table/TR/TH[3]/P",
            "Text": "PAYMENT ",
            "TextSize": 10.080001831054688,
            "attributes": {
                "LineHeight": 12.125
            }
        },
        {
            "Bounds": [
                81.04800415039062,
                488.42320251464844,
                202.3607940673828,
                564.1382446289062
            ],
            "ClipBounds": [
                81.04800415039062,
                488.42320251464844,
                202.3607940673828,
                564.1382446289062
            ],
            "Page": 0,
            "Path": "//Document/Sect/Table/TR[2]/TD",
            "attributes": {
                "BBox": [
                    80.99669999999969,
                    490.3319999999949,
                    219.59099999999307,
                    566.6489999999758
                ],
                "BlockAlign": "After",
                "ColIndex": 0,
                "Height": 76.375,
                "InlineAlign": "Start",
                "RowIndex": 1,
                "Width": 138.625
            }
        },
        {
            "Bounds": [
                81.04800415039062,
                554.6831970214844,
                133.02047729492188,
                564.1382446289062
            ],
            "ClipBounds": [
                81.04800415039062,
                554.6831970214844,
                133.02047729492188,
                564.1382446289062
            ],
            "Font": {
                "alt_family_name": "Arial",
                "embedded": true,
                "encoding": "WinAnsiEncoding",
                "family_name": "Arial MT",
                "font_type": "TrueType",
                "italic": false,
                "monospaced": false,
                "name": "IICWIS+ArialMT",
                "subset": true,
                "weight": 400
            },
            "HasClip": true,
            "Page": 0,
            "Path": "//Document/Sect/Table/TR[2]/TD/P/Sub",
            "Text": "Don Zulauf ",
            "TextSize": 10.080001831054688,
            "attributes": {
                "Placement": "Block"
            }
        },
        {
            "Bounds": [
                81.04800415039062,
                541.3632049560547,
                202.3607940673828,
                550.8182373046875
            ],
            "ClipBounds": [
                81.04800415039062,
                541.3632049560547,
                202.3607940673828,
                550.8182373046875
            ],
            "Font": {
                "alt_family_name": "Arial",
                "embedded": true,
                "encoding": "WinAnsiEncoding",
                "family_name": "Arial MT",
                "font_type": "TrueType",
                "italic": false,
                "monospaced": false,
                "name": "IICWIS+ArialMT",
                "subset": true,
                "weight": 400
            },
            "HasClip": true,
            "Page": 0,
            "Path": "//Document/Sect/Table/TR[2]/TD/P/Sub[2]",
            "Text": "Don_Zulauf40@hotmail.co ",
            "TextSize": 10.080001831054688,
            "attributes": {
                "Placement": "Block"
            }
        },
        {
            "Bounds": [
                81.04800415039062,
                528.0431976318359,
                92.24681091308594,
                537.4982452392578
            ],
            "ClipBounds": [
                81.04800415039062,
                528.0431976318359,
                92.24681091308594,
                537.4982452392578
            ],
            "Font": {
                "alt_family_name": "Arial",
                "embedded": true,
                "encoding": "WinAnsiEncoding",
                "family_name": "Arial MT",
                "font_type": "TrueType",
                "italic": false,
                "monospaced": false,
                "name": "IICWIS+ArialMT",
                "subset": true,
                "weight": 400
            },
            "HasClip": true,
            "Page": 0,
            "Path": "//Document/Sect/Table/TR[2]/TD/P/Sub[3]",
            "Text": "m ",
            "TextSize": 10.080001831054688,
            "attributes": {
                "Placement": "Block"
            }
        },
        {
            "Bounds": [
                81.04800415039062,
                514.7232055664062,
                146.34808349609375,
                524.1782379150391
            ],
            "ClipBounds": [
                81.04800415039062,
                514.7232055664062,
                146.34808349609375,
                524.1782379150391
            ],
            "Font": {
                "alt_family_name": "Arial",
                "embedded": true,
                "encoding": "WinAnsiEncoding",
                "family_name": "Arial MT",
                "font_type": "TrueType",
                "italic": false,
                "monospaced": false,
                "name": "IICWIS+ArialMT",
                "subset": true,
                "weight": 400
            },
            "HasClip": true,
            "Page": 0,
            "Path": "//Document/Sect/Table/TR[2]/TD/P/Sub[4]",
            "Text": "110-825-4839 ",
            "TextSize": 10.080001831054688,
            "attributes": {
                "Placement": "Block"
            }
        },
        {
            "Bounds": [
                81.04800415039062,
                501.7431945800781,
                161.27464294433594,
                511.1982421875
            ],
            "ClipBounds": [
                81.04800415039062,
                501.7431945800781,
                161.27464294433594,
                511.1982421875
            ],
            "Font": {
                "alt_family_name": "Arial",
                "embedded": true,
                "encoding": "WinAnsiEncoding",
                "family_name": "Arial MT",
                "font_type": "TrueType",
                "italic": false,
                "monospaced": false,
                "name": "IICWIS+ArialMT",
                "subset": true,
                "weight": 400
            },
            "HasClip": true,
            "Page": 0,
            "Path": "//Document/Sect/Table/TR[2]/TD/P/Sub[5]",
            "Text": "121 Jacobs River ",
            "TextSize": 10.080001831054688,
            "attributes": {
                "Placement": "Block"
            }
        },
        {
            "Bounds": [
                81.04800415039062,
                488.42320251464844,
                122.23239135742188,
                497.87823486328125
            ],
            "ClipBounds": [
                81.04800415039062,
                488.42320251464844,
                122.23239135742188,
                497.87823486328125
            ],
            "Font": {
                "alt_family_name": "Arial",
                "embedded": true,
                "encoding": "WinAnsiEncoding",
                "family_name": "Arial MT",
                "font_type": "TrueType",
                "italic": false,
                "monospaced": false,
                "name": "IICWIS+ArialMT",
                "subset": true,
                "weight": 400
            },
            "HasClip": true,
            "Page": 0,
            "Path": "//Document/Sect/Table/TR[2]/TD/P/Sub[6]",
            "Text": "Port-Vila ",
            "TextSize": 10.080001831054688,
            "attributes": {
                "Placement": "Block"
            }
        },
        {
            "Bounds": [
                240.25999450683594,
                554.6831970214844,
                301.4555969238281,
                564.1382446289062
            ],
            "ClipBounds": [
                240.25999450683594,
                554.6831970214844,
                301.4555969238281,
                564.1382446289062
            ],
            "Page": 0,
            "Path": "//Document/Sect/Table/TR[2]/TD[2]",
            "attributes": {
                "BBox": [
                    219.59099999999307,
                    490.3319999999949,
                    359.2649999999994,
                    566.6489999999758
                ],
                "BlockAlign": "Before",
                "ColIndex": 1,
                "Height": 76.375,
                "InlineAlign": "Start",
                "RowIndex": 1,
                "Width": 139.625
            }
        },
        {
            "Bounds": [
                240.25999450683594,
                554.6831970214844,
                301.4555969238281,
                564.1382446289062
            ],
            "ClipBounds": [
                240.25999450683594,
                554.6831970214844,
                301.4555969238281,
                564.1382446289062
            ],
            "Font": {
                "alt_family_name": "Arial",
                "embedded": true,
                "encoding": "WinAnsiEncoding",
                "family_name": "Arial MT",
                "font_type": "TrueType",
                "italic": false,
                "monospaced": false,
                "name": "IICWIS+ArialMT",
                "subset": true,
                "weight": 400
            },
            "HasClip": true,
            "Lang": "en",
            "Page": 0,
            "Path": "//Document/Sect/Table/TR[2]/TD[2]/P",
            "Text": "velit et ipsum ",
            "TextSize": 10.080001831054688,
            "attributes": {
                "LineHeight": 12.125
            }
        },
        {
            "Bounds": [
                410.63999938964844,
                522.056396484375,
                513.0480804443359,
                564.1382446289062
            ],
            "ClipBounds": [
                410.63999938964844,
                522.056396484375,
                513.0480804443359,
                564.1382446289062
            ],
            "Page": 0,
            "Path": "//Document/Sect/Table/TR[2]/TD[3]",
            "attributes": {
                "BBox": [
                    359.2649999999994,
                    490.3319999999949,
                    558.2169999999751,
                    566.6489999999758
                ],
                "BlockAlign": "Before",
                "ColIndex": 2,
                "Height": 76.375,
                "InlineAlign": "Start",
                "RowIndex": 1,
                "Width": 199
            }
        },
        {
            "Bounds": [
                412.8000030517578,
                554.6831970214844,
                513.0480804443359,
                564.1382446289062
            ],
            "ClipBounds": [
                412.8000030517578,
                554.6831970214844,
                513.0480804443359,
                564.1382446289062
            ],
            "Font": {
                "alt_family_name": "Arial",
                "embedded": true,
                "encoding": "WinAnsiEncoding",
                "family_name": "Arial MT",
                "font_type": "TrueType",
                "italic": false,
                "monospaced": false,
                "name": "IICWIS+ArialMT",
                "subset": true,
                "weight": 400
            },
            "HasClip": true,
            "Lang": "en",
            "Page": 0,
            "Path": "//Document/Sect/Table/TR[2]/TD[3]/P",
            "Text": "Due date: 16-06-2023 ",
            "TextSize": 10.080001831054688,
            "attributes": {
                "LineHeight": 12.125
            }
        },
        {
            "Bounds": [
                410.63999938964844,
                522.056396484375,
                459.87107849121094,
                532.5244750976562
            ],
            "ClipBounds": [
                410.63999938964844,
                522.056396484375,
                459.87107849121094,
                532.5244750976562
            ],
            "Font": {
                "alt_family_name": "Arial",
                "embedded": true,
                "encoding": "WinAnsiEncoding",
                "family_name": "Arial",
                "font_type": "TrueType",
                "italic": false,
                "monospaced": false,
                "name": "AODFAI+Arial-BoldMT",
                "subset": true,
                "weight": 700
            },
            "HasClip": true,
            "Lang": "en",
            "Page": 0,
            "Path": "//Document/Sect/Table/TR[2]/TD[3]/P[2]",
            "Text": "$10517.1 ",
            "TextSize": 11.160003662109375,
            "attributes": {
                "LineHeight": 13.375
            }
        },
        {
            "Bounds": [
                77.447998046875,
                416.7532043457031,
                530.1510314941406,
                426.20823669433594
            ],
            "ClipBounds": [
                77.447998046875,
                416.7532043457031,
                530.1510314941406,
                426.20823669433594
            ],
            "Page": 0,
            "Path": "//Document/Sect/Table[2]",
            "attributes": {
                "BBox": [
                    71.5170999999973,
                    401.775999999998,
                    540.9379999999946,
                    434.29499999999825
                ],
                "NumCol": 4,
                "Placement": "Block",
                "SpaceAfter": 18
            }
        },
        {
            "Bounds": [
                77.447998046875,
                416.7532043457031,
                104.47239685058594,
                426.20823669433594
            ],
            "ClipBounds": [
                77.447998046875,
                416.7532043457031,
                104.47239685058594,
                426.20823669433594
            ],
            "Page": 0,
            "Path": "//Document/Sect/Table[2]/TR/TD",
            "attributes": {
                "BBox": [
                    71.5170999999973,
                    400.93599999998696,
                    358.78499999998894,
                    434.29499999999825
                ],
                "BlockAlign": "Middle",
                "BorderColor": [
                    [
                        0,
                        0,
                        0
                    ],
                    [
                        0.6235349999999755,
                        0.6235349999999755,
                        0.6235349999999755
                    ],
                    [
                        0,
                        0,
                        0
                    ],
                    [
                        0,
                        0,
                        0
                    ]
                ],
                "BorderStyle": "Solid",
                "BorderThickness": [
                    0.625,
                    0.875,
                    0.5,
                    0.25
                ],
                "ColIndex": 0,
                "Height": 33.375,
                "InlineAlign": "Start",
                "RowIndex": 0,
                "Width": 287.25
            }
        },
        {
            "Bounds": [
                77.447998046875,
                416.7532043457031,
                104.47239685058594,
                426.20823669433594
            ],
            "ClipBounds": [
                77.447998046875,
                416.7532043457031,
                104.47239685058594,
                426.20823669433594
            ],
            "Font": {
                "alt_family_name": "Arial",
                "embedded": true,
                "encoding": "WinAnsiEncoding",
                "family_name": "Arial",
                "font_type": "TrueType",
                "italic": false,
                "monospaced": false,
                "name": "AODFAI+Arial-BoldMT",
                "subset": true,
                "weight": 700
            },
            "HasClip": true,
            "Lang": "en",
            "Page": 0,
            "Path": "//Document/Sect/Table[2]/TR/TD/P",
            "Text": "ITEM ",
            "TextSize": 10.080001831054688,
            "attributes": {
                "LineHeight": 12.125
            }
        },
        {
            "Bounds": [
                363.1000061035156,
                416.7532043457031,
                386.6570281982422,
                426.20823669433594
            ],
            "ClipBounds": [
                363.1000061035156,
                416.7532043457031,
                386.6570281982422,
                426.20823669433594
            ],
            "Page": 0,
            "Path": "//Document/Sect/Table[2]/TR/TD[2]",
            "attributes": {
                "BBox": [
                    358.304999999993,
                    400.93599999998696,
                    415.6629999999859,
                    434.29499999999825
                ],
                "BlockAlign": "Middle",
                "BorderColor": [
                    [
                        0,
                        0,
                        0
                    ],
                    [
                        0.6235349999999755,
                        0.6235349999999755,
                        0.6235349999999755
                    ],
                    [
                        0,
                        0,
                        0
                    ],
                    [
                        0,
                        0,
                        0
                    ]
                ],
                "BorderStyle": "Solid",
                "BorderThickness": [
                    0.625,
                    0.875,
                    0.25,
                    0.25
                ],
                "ColIndex": 1,
                "Height": 33.375,
                "InlineAlign": "Start",
                "RowIndex": 0,
                "Width": 57.375
            }
        },
        {
            "Bounds": [
                363.1000061035156,
                416.7532043457031,
                386.6570281982422,
                426.20823669433594
            ],
            "ClipBounds": [
                363.1000061035156,
                416.7532043457031,
                386.6570281982422,
                426.20823669433594
            ],
            "Font": {
                "alt_family_name": "Arial",
                "embedded": true,
                "encoding": "WinAnsiEncoding",
                "family_name": "Arial",
                "font_type": "TrueType",
                "italic": false,
                "monospaced": false,
                "name": "AODFAI+Arial-BoldMT",
                "subset": true,
                "weight": 700
            },
            "HasClip": true,
            "Lang": "en",
            "Page": 0,
            "Path": "//Document/Sect/Table[2]/TR/TD[2]/P",
            "Text": "QTY ",
            "TextSize": 10.080001831054688,
            "attributes": {
                "LineHeight": 12.125
            }
        },
        {
            "Bounds": [
                420.3800048828125,
                416.7532043457031,
                450.7712707519531,
                426.20823669433594
            ],
            "ClipBounds": [
                420.3800048828125,
                416.7532043457031,
                450.7712707519531,
                426.20823669433594
            ],
            "Page": 0,
            "Path": "//Document/Sect/Table[2]/TR/TD[3]",
            "attributes": {
                "BBox": [
                    415.18299999999,
                    400.93599999998696,
                    481.8999999999942,
                    434.29499999999825
                ],
                "BlockAlign": "Middle",
                "BorderColor": [
                    [
                        0,
                        0,
                        0
                    ],
                    [
                        0.6235349999999755,
                        0.6235349999999755,
                        0.6235349999999755
                    ],
                    [
                        0,
                        0,
                        0
                    ],
                    [
                        0,
                        0,
                        0
                    ]
                ],
                "BorderStyle": "Solid",
                "BorderThickness": [
                    0.625,
                    0.875,
                    0.25,
                    0.25
                ],
                "ColIndex": 2,
                "Height": 33.375,
                "InlineAlign": "Start",
                "RowIndex": 0,
                "Width": 66.75
            }
        },
        {
            "Bounds": [
                420.3800048828125,
                416.7532043457031,
                450.7712707519531,
                426.20823669433594
            ],
            "ClipBounds": [
                420.3800048828125,
                416.7532043457031,
                450.7712707519531,
                426.20823669433594
            ],
            "Font": {
                "alt_family_name": "Arial",
                "embedded": true,
                "encoding": "WinAnsiEncoding",
                "family_name": "Arial",
                "font_type": "TrueType",
                "italic": false,
                "monospaced": false,
                "name": "AODFAI+Arial-BoldMT",
                "subset": true,
                "weight": 700
            },
            "HasClip": true,
            "Lang": "en",
            "Page": 0,
            "Path": "//Document/Sect/Table[2]/TR/TD[3]/P",
            "Text": "RATE ",
            "TextSize": 10.080001831054688,
            "attributes": {
                "LineHeight": 12.125
            }
        },
        {
            "Bounds": [
                483.4100036621094,
                416.7532043457031,
                530.1510314941406,
                426.20823669433594
            ],
            "ClipBounds": [
                483.4100036621094,
                416.7532043457031,
                530.1510314941406,
                426.20823669433594
            ],
            "Page": 0,
            "Path": "//Document/Sect/Table[2]/TR/TD[4]",
            "attributes": {
                "BBox": [
                    481.41999999999825,
                    400.93599999998696,
                    541.417999999976,
                    434.29499999999825
                ],
                "BlockAlign": "Middle",
                "BorderColor": [
                    [
                        0,
                        0,
                        0
                    ],
                    [
                        0.6235349999999755,
                        0.6235349999999755,
                        0.6235349999999755
                    ],
                    [
                        0,
                        0,
                        0
                    ],
                    [
                        0,
                        0,
                        0
                    ]
                ],
                "BorderStyle": "Solid",
                "BorderThickness": [
                    0.625,
                    0.875,
                    0.25,
                    0.5
                ],
                "ColIndex": 3,
                "Height": 33.375,
                "InlineAlign": "Start",
                "RowIndex": 0,
                "Width": 60
            }
        },
        {
            "Bounds": [
                483.4100036621094,
                416.7532043457031,
                530.1510314941406,
                426.20823669433594
            ],
            "ClipBounds": [
                483.4100036621094,
                416.7532043457031,
                530.1510314941406,
                426.20823669433594
            ],
            "Font": {
                "alt_family_name": "Arial",
                "embedded": true,
                "encoding": "WinAnsiEncoding",
                "family_name": "Arial",
                "font_type": "TrueType",
                "italic": false,
                "monospaced": false,
                "name": "AODFAI+Arial-BoldMT",
                "subset": true,
                "weight": 700
            },
            "HasClip": true,
            "Lang": "en",
            "Page": 0,
            "Path": "//Document/Sect/Table[2]/TR/TD[4]/P",
            "Text": "AMOUNT ",
            "TextSize": 10.080001831054688,
            "attributes": {
                "LineHeight": 12.125
            }
        },
        {
            "Bounds": [
                77.447998046875,
                247.1031951904297,
                517.7280731201172,
                390.54823303222656
            ],
            "ClipBounds": [
                77.447998046875,
                247.1031951904297,
                517.7280731201172,
                390.54823303222656
            ],
            "Page": 0,
            "Path": "//Document/Sect/Table[3]",
            "attributes": {
                "BBox": [
                    71.5170999999973,
                    229.58299999999872,
                    540.9379999999946,
                    398.775999999998
                ],
                "NumCol": 4,
                "NumRow": 5,
                "Placement": "Block",
                "SpaceAfter": 18
            }
        },
        {
            "Bounds": [
                77.447998046875,
                381.09320068359375,
                190.65647888183594,
                390.54823303222656
            ],
            "ClipBounds": [
                77.447998046875,
                381.09320068359375,
                190.65647888183594,
                390.54823303222656
            ],
            "Page": 0,
            "Path": "//Document/Sect/Table[3]/TR/TD",
            "attributes": {
                "BBox": [
                    71.5170999999973,
                    364.81699999999546,
                    358.0649999999878,
                    398.775999999998
                ],
                "BlockAlign": "Middle",
                "BorderColor": [
                    0,
                    0,
                    0
                ],
                "BorderStyle": "Solid",
                "BorderThickness": [
                    0.625,
                    0.25,
                    0.5,
                    0.25
                ],
                "ColIndex": 0,
                "Height": 34,
                "InlineAlign": "Start",
                "RowIndex": 0,
                "Width": 286.375
            }
        },
        {
            "Bounds": [
                77.447998046875,
                381.09320068359375,
                190.65647888183594,
                390.54823303222656
            ],
            "ClipBounds": [
                77.447998046875,
                381.09320068359375,
                190.65647888183594,
                390.54823303222656
            ],
            "Font": {
                "alt_family_name": "Arial",
                "embedded": true,
                "encoding": "WinAnsiEncoding",
                "family_name": "Arial MT",
                "font_type": "TrueType",
                "italic": false,
                "monospaced": false,
                "name": "IICWIS+ArialMT",
                "subset": true,
                "weight": 400
            },
            "HasClip": true,
            "Lang": "en",
            "Page": 0,
            "Path": "//Document/Sect/Table[3]/TR/TD/P",
            "Text": "Unbranded Cotton Pants ",
            "TextSize": 10.080001831054688,
            "attributes": {
                "LineHeight": 12.125
            }
        },
        {
            "Bounds": [
                363.82000732421875,
                381.09320068359375,
                372.2267150878906,
                390.54823303222656
            ],
            "ClipBounds": [
                363.82000732421875,
                381.09320068359375,
                372.2267150878906,
                390.54823303222656
            ],
            "Page": 0,
            "Path": "//Document/Sect/Table[3]/TR/TD[2]",
            "attributes": {
                "BBox": [
                    357.58499999999185,
                    364.81699999999546,
                    414.22299999999814,
                    398.775999999998
                ],
                "BlockAlign": "Middle",
                "BorderColor": [
                    0,
                    0,
                    0
                ],
                "BorderStyle": "Solid",
                "BorderThickness": [
                    0.625,
                    0.25,
                    0.25,
                    0.25
                ],
                "ColIndex": 1,
                "Height": 34,
                "InlineAlign": "Start",
                "RowIndex": 0,
                "Width": 56.625
            }
        },
        {
            "Bounds": [
                363.82000732421875,
                381.09320068359375,
                372.2267150878906,
                390.54823303222656
            ],
            "ClipBounds": [
                363.82000732421875,
                381.09320068359375,
                372.2267150878906,
                390.54823303222656
            ],
            "Font": {
                "alt_family_name": "Arial",
                "embedded": true,
                "encoding": "WinAnsiEncoding",
                "family_name": "Arial MT",
                "font_type": "TrueType",
                "italic": false,
                "monospaced": false,
                "name": "IICWIS+ArialMT",
                "subset": true,
                "weight": 400
            },
            "HasClip": true,
            "Lang": "en",
            "Page": 0,
            "Path": "//Document/Sect/Table[3]/TR/TD[2]/P",
            "Text": "7 ",
            "TextSize": 10.080001831054688,
            "attributes": {
                "LineHeight": 12.125
            }
        },
        {
            "Bounds": [
                420.3800048828125,
                381.09320068359375,
                434.86000061035156,
                390.54823303222656
            ],
            "ClipBounds": [
                420.3800048828125,
                381.09320068359375,
                434.86000061035156,
                390.54823303222656
            ],
            "Page": 0,
            "Path": "//Document/Sect/Table[3]/TR/TD[3]",
            "attributes": {
                "BBox": [
                    413.74299999998766,
                    364.81699999999546,
                    481.8999999999942,
                    398.775999999998
                ],
                "BlockAlign": "Middle",
                "BorderColor": [
                    0,
                    0,
                    0
                ],
                "BorderStyle": "Solid",
                "BorderThickness": [
                    0.625,
                    0.25,
                    0.25,
                    0.25
                ],
                "ColIndex": 2,
                "Height": 34,
                "InlineAlign": "Start",
                "RowIndex": 0,
                "Width": 68.125
            }
        },
        {
            "Bounds": [
                420.3800048828125,
                381.09320068359375,
                434.86000061035156,
                390.54823303222656
            ],
            "ClipBounds": [
                420.3800048828125,
                381.09320068359375,
                434.86000061035156,
                390.54823303222656
            ],
            "Font": {
                "alt_family_name": "Arial",
                "embedded": true,
                "encoding": "WinAnsiEncoding",
                "family_name": "Arial MT",
                "font_type": "TrueType",
                "italic": false,
                "monospaced": false,
                "name": "IICWIS+ArialMT",
                "subset": true,
                "weight": 400
            },
            "HasClip": true,
            "Lang": "en",
            "Page": 0,
            "Path": "//Document/Sect/Table[3]/TR/TD[3]/P",
            "Text": "17 ",
            "TextSize": 10.080001831054688,
            "attributes": {
                "LineHeight": 12.125
            }
        },
        {
            "Bounds": [
                487.00999450683594,
                381.09320068359375,
                512.3251953125,
                390.54823303222656
            ],
            "ClipBounds": [
                487.00999450683594,
                381.09320068359375,
                512.3251953125,
                390.54823303222656
            ],
            "Page": 0,
            "Path": "//Document/Sect/Table[3]/TR/TD[4]",
            "attributes": {
                "BBox": [
                    481.41999999999825,
                    364.81699999999546,
                    541.417999999976,
                    398.775999999998
                ],
                "BlockAlign": "Middle",
                "BorderColor": [
                    0,
                    0,
                    0
                ],
                "BorderStyle": "Solid",
                "BorderThickness": [
                    0.625,
                    0.25,
                    0.25,
                    0.5
                ],
                "ColIndex": 3,
                "Height": 34,
                "InlineAlign": "Start",
                "RowIndex": 0,
                "Width": 60
            }
        },
        {
            "Bounds": [
                487.00999450683594,
                381.09320068359375,
                512.3251953125,
                390.54823303222656
            ],
            "ClipBounds": [
                487.00999450683594,
                381.09320068359375,
                512.3251953125,
                390.54823303222656
            ],
            "Font": {
                "alt_family_name": "Arial",
                "embedded": true,
                "encoding": "WinAnsiEncoding",
                "family_name": "Arial MT",
                "font_type": "TrueType",
                "italic": false,
                "monospaced": false,
                "name": "IICWIS+ArialMT",
                "subset": true,
                "weight": 400
            },
            "HasClip": true,
            "Lang": "en",
            "Page": 0,
            "Path": "//Document/Sect/Table[3]/TR/TD[4]/P",
            "Text": "$119 ",
            "TextSize": 10.080001831054688,
            "attributes": {
                "LineHeight": 12.125
            }
        },
        {
            "Bounds": [
                77.447998046875,
                347.5832061767578,
                184.52783203125,
                357.0382385253906
            ],
            "ClipBounds": [
                77.447998046875,
                347.5832061767578,
                184.52783203125,
                357.0382385253906
            ],
            "Page": 0,
            "Path": "//Document/Sect/Table[3]/TR[2]/TD",
            "attributes": {
                "BBox": [
                    71.5170999999973,
                    331.69899999999325,
                    358.0649999999878,
                    365.2969999999914
                ],
                "BlockAlign": "Middle",
                "BorderColor": [
                    0,
                    0,
                    0
                ],
                "BorderStyle": "Solid",
                "BorderThickness": [
                    0.25,
                    0.25,
                    0.5,
                    0.25
                ],
                "ColIndex": 0,
                "Height": 33.625,
                "InlineAlign": "Start",
                "RowIndex": 1,
                "Width": 286.375
            }
        },
        {
            "Bounds": [
                77.447998046875,
                347.5832061767578,
                184.52783203125,
                357.0382385253906
            ],
            "ClipBounds": [
                77.447998046875,
                347.5832061767578,
                184.52783203125,
                357.0382385253906
            ],
            "Font": {
                "alt_family_name": "Arial",
                "embedded": true,
                "encoding": "WinAnsiEncoding",
                "family_name": "Arial MT",
                "font_type": "TrueType",
                "italic": false,
                "monospaced": false,
                "name": "IICWIS+ArialMT",
                "subset": true,
                "weight": 400
            },
            "HasClip": true,
            "Lang": "en",
            "Page": 0,
            "Path": "//Document/Sect/Table[3]/TR[2]/TD/P",
            "Text": "Handmade Soft Towels ",
            "TextSize": 10.080001831054688,
            "attributes": {
                "LineHeight": 12.125
            }
        },
        {
            "Bounds": [
                363.82000732421875,
                347.5832061767578,
                378.3000030517578,
                357.0382385253906
            ],
            "ClipBounds": [
                363.82000732421875,
                347.5832061767578,
                378.3000030517578,
                357.0382385253906
            ],
            "Page": 0,
            "Path": "//Document/Sect/Table[3]/TR[2]/TD[2]",
            "attributes": {
                "BBox": [
                    357.58499999999185,
                    331.69899999999325,
                    414.22299999999814,
                    365.2969999999914
                ],
                "BlockAlign": "Middle",
                "BorderColor": [
                    0,
                    0,
                    0
                ],
                "BorderStyle": "Solid",
                "BorderThickness": 0.25,
                "ColIndex": 1,
                "Height": 33.625,
                "InlineAlign": "Start",
                "RowIndex": 1,
                "Width": 56.625
            }
        },
        {
            "Bounds": [
                363.82000732421875,
                347.5832061767578,
                378.3000030517578,
                357.0382385253906
            ],
            "ClipBounds": [
                363.82000732421875,
                347.5832061767578,
                378.3000030517578,
                357.0382385253906
            ],
            "Font": {
                "alt_family_name": "Arial",
                "embedded": true,
                "encoding": "WinAnsiEncoding",
                "family_name": "Arial MT",
                "font_type": "TrueType",
                "italic": false,
                "monospaced": false,
                "name": "IICWIS+ArialMT",
                "subset": true,
                "weight": 400
            },
            "HasClip": true,
            "Lang": "en",
            "Page": 0,
            "Path": "//Document/Sect/Table[3]/TR[2]/TD[2]/P",
            "Text": "51 ",
            "TextSize": 10.080001831054688,
            "attributes": {
                "LineHeight": 12.125
            }
        },
        {
            "Bounds": [
                420.3800048828125,
                347.5832061767578,
                434.86000061035156,
                357.0382385253906
            ],
            "ClipBounds": [
                420.3800048828125,
                347.5832061767578,
                434.86000061035156,
                357.0382385253906
            ],
            "Page": 0,
            "Path": "//Document/Sect/Table[3]/TR[2]/TD[3]",
            "attributes": {
                "BBox": [
                    413.74299999998766,
                    331.69899999999325,
                    481.8999999999942,
                    365.2969999999914
                ],
                "BlockAlign": "Middle",
                "BorderColor": [
                    0,
                    0,
                    0
                ],
                "BorderStyle": "Solid",
                "BorderThickness": 0.25,
                "ColIndex": 2,
                "Height": 33.625,
                "InlineAlign": "Start",
                "RowIndex": 1,
                "Width": 68.125
            }
        },
        {
            "Bounds": [
                420.3800048828125,
                347.5832061767578,
                434.86000061035156,
                357.0382385253906
            ],
            "ClipBounds": [
                420.3800048828125,
                347.5832061767578,
                434.86000061035156,
                357.0382385253906
            ],
            "Font": {
                "alt_family_name": "Arial",
                "embedded": true,
                "encoding": "WinAnsiEncoding",
                "family_name": "Arial MT",
                "font_type": "TrueType",
                "italic": false,
                "monospaced": false,
                "name": "IICWIS+ArialMT",
                "subset": true,
                "weight": 400
            },
            "HasClip": true,
            "Lang": "en",
            "Page": 0,
            "Path": "//Document/Sect/Table[3]/TR[2]/TD[3]/P",
            "Text": "48 ",
            "TextSize": 10.080001831054688,
            "attributes": {
                "LineHeight": 12.125
            }
        },
        {
            "Bounds": [
                487.00999450683594,
                347.5832061767578,
                517.7280731201172,
                357.0382385253906
            ],
            "ClipBounds": [
                487.00999450683594,
                347.5832061767578,
                517.7280731201172,
                357.0382385253906
            ],
            "Page": 0,
            "Path": "//Document/Sect/Table[3]/TR[2]/TD[4]",
            "attributes": {
                "BBox": [
                    481.41999999999825,
                    331.69899999999325,
                    541.417999999976,
                    365.2969999999914
                ],
                "BlockAlign": "Middle",
                "BorderColor": [
                    0,
                    0,
                    0
                ],
                "BorderStyle": "Solid",
                "BorderThickness": [
                    0.25,
                    0.25,
                    0.25,
                    0.5
                ],
                "ColIndex": 3,
                "Height": 33.625,
                "InlineAlign": "Start",
                "RowIndex": 1,
                "Width": 60
            }
        },
        {
            "Bounds": [
                487.00999450683594,
                347.5832061767578,
                517.7280731201172,
                357.0382385253906
            ],
            "ClipBounds": [
                487.00999450683594,
                347.5832061767578,
                517.7280731201172,
                357.0382385253906
            ],
            "Font": {
                "alt_family_name": "Arial",
                "embedded": true,
                "encoding": "WinAnsiEncoding",
                "family_name": "Arial MT",
                "font_type": "TrueType",
                "italic": false,
                "monospaced": false,
                "name": "IICWIS+ArialMT",
                "subset": true,
                "weight": 400
            },
            "HasClip": true,
            "Lang": "en",
            "Page": 0,
            "Path": "//Document/Sect/Table[3]/TR[2]/TD[4]/P",
            "Text": "$2448 ",
            "TextSize": 10.080001831054688,
            "attributes": {
                "LineHeight": 12.125
            }
        },
        {
            "Bounds": [
                77.447998046875,
                314.1031951904297,
                192.0878448486328,
                323.55824279785156
            ],
            "ClipBounds": [
                77.447998046875,
                314.1031951904297,
                192.0878448486328,
                323.55824279785156
            ],
            "Page": 0,
            "Path": "//Document/Sect/Table[3]/TR[3]/TD",
            "attributes": {
                "BBox": [
                    71.5170999999973,
                    297.1399999999994,
                    358.0649999999878,
                    332.1789999999892
                ],
                "BlockAlign": "Middle",
                "BorderColor": [
                    0,
                    0,
                    0
                ],
                "BorderStyle": "Solid",
                "BorderThickness": [
                    0.25,
                    0.25,
                    0.5,
                    0.25
                ],
                "ColIndex": 0,
                "Height": 35,
                "InlineAlign": "Start",
                "RowIndex": 2,
                "Width": 286.375
            }
        },
        {
            "Bounds": [
                77.447998046875,
                314.1031951904297,
                192.0878448486328,
                323.55824279785156
            ],
            "ClipBounds": [
                77.447998046875,
                314.1031951904297,
                192.0878448486328,
                323.55824279785156
            ],
            "Font": {
                "alt_family_name": "Arial",
                "embedded": true,
                "encoding": "WinAnsiEncoding",
                "family_name": "Arial MT",
                "font_type": "TrueType",
                "italic": false,
                "monospaced": false,
                "name": "IICWIS+ArialMT",
                "subset": true,
                "weight": 400
            },
            "HasClip": true,
            "Lang": "en",
            "Page": 0,
            "Path": "//Document/Sect/Table[3]/TR[3]/TD/P",
            "Text": "Ergonomic Rubber Chips ",
            "TextSize": 10.080001831054688,
            "attributes": {
                "LineHeight": 12.125
            }
        },
        {
            "Bounds": [
                363.82000732421875,
                314.1031951904297,
                378.3000030517578,
                323.55824279785156
            ],
            "ClipBounds": [
                363.82000732421875,
                314.1031951904297,
                378.3000030517578,
                323.55824279785156
            ],
            "Page": 0,
            "Path": "//Document/Sect/Table[3]/TR[3]/TD[2]",
            "attributes": {
                "BBox": [
                    357.58499999999185,
                    297.1399999999994,
                    414.22299999999814,
                    332.1789999999892
                ],
                "BlockAlign": "Middle",
                "BorderColor": [
                    0,
                    0,
                    0
                ],
                "BorderStyle": "Solid",
                "BorderThickness": 0.25,
                "ColIndex": 1,
                "Height": 35,
                "InlineAlign": "Start",
                "RowIndex": 2,
                "Width": 56.625
            }
        },
        {
            "Bounds": [
                363.82000732421875,
                314.1031951904297,
                378.3000030517578,
                323.55824279785156
            ],
            "ClipBounds": [
                363.82000732421875,
                314.1031951904297,
                378.3000030517578,
                323.55824279785156
            ],
            "Font": {
                "alt_family_name": "Arial",
                "embedded": true,
                "encoding": "WinAnsiEncoding",
                "family_name": "Arial MT",
                "font_type": "TrueType",
                "italic": false,
                "monospaced": false,
                "name": "IICWIS+ArialMT",
                "subset": true,
                "weight": 400
            },
            "HasClip": true,
            "Lang": "en",
            "Page": 0,
            "Path": "//Document/Sect/Table[3]/TR[3]/TD[2]/P",
            "Text": "40 ",
            "TextSize": 10.080001831054688,
            "attributes": {
                "LineHeight": 12.125
            }
        },
        {
            "Bounds": [
                420.3800048828125,
                314.1031951904297,
                434.86000061035156,
                323.55824279785156
            ],
            "ClipBounds": [
                420.3800048828125,
                314.1031951904297,
                434.86000061035156,
                323.55824279785156
            ],
            "Page": 0,
            "Path": "//Document/Sect/Table[3]/TR[3]/TD[3]",
            "attributes": {
                "BBox": [
                    413.74299999998766,
                    297.1399999999994,
                    481.8999999999942,
                    332.1789999999892
                ],
                "BlockAlign": "Middle",
                "BorderColor": [
                    0,
                    0,
                    0
                ],
                "BorderStyle": "Solid",
                "BorderThickness": 0.25,
                "ColIndex": 2,
                "Height": 35,
                "InlineAlign": "Start",
                "RowIndex": 2,
                "Width": 68.125
            }
        },
        {
            "Bounds": [
                420.3800048828125,
                314.1031951904297,
                434.86000061035156,
                323.55824279785156
            ],
            "ClipBounds": [
                420.3800048828125,
                314.1031951904297,
                434.86000061035156,
                323.55824279785156
            ],
            "Font": {
                "alt_family_name": "Arial",
                "embedded": true,
                "encoding": "WinAnsiEncoding",
                "family_name": "Arial MT",
                "font_type": "TrueType",
                "italic": false,
                "monospaced": false,
                "name": "IICWIS+ArialMT",
                "subset": true,
                "weight": 400
            },
            "HasClip": true,
            "Lang": "en",
            "Page": 0,
            "Path": "//Document/Sect/Table[3]/TR[3]/TD[3]/P",
            "Text": "69 ",
            "TextSize": 10.080001831054688,
            "attributes": {
                "LineHeight": 12.125
            }
        },
        {
            "Bounds": [
                487.00999450683594,
                314.1031951904297,
                517.7280731201172,
                323.55824279785156
            ],
            "ClipBounds": [
                487.00999450683594,
                314.1031951904297,
                517.7280731201172,
                323.55824279785156
            ],
            "Page": 0,
            "Path": "//Document/Sect/Table[3]/TR[3]/TD[4]",
            "attributes": {
                "BBox": [
                    481.41999999999825,
                    297.1399999999994,
                    541.417999999976,
                    332.1789999999892
                ],
                "BlockAlign": "Middle",
                "BorderColor": [
                    0,
                    0,
                    0
                ],
                "BorderStyle": "Solid",
                "BorderThickness": [
                    0.25,
                    0.25,
                    0.25,
                    0.5
                ],
                "ColIndex": 3,
                "Height": 35,
                "InlineAlign": "Start",
                "RowIndex": 2,
                "Width": 60
            }
        },
        {
            "Bounds": [
                487.00999450683594,
                314.1031951904297,
                517.7280731201172,
                323.55824279785156
            ],
            "ClipBounds": [
                487.00999450683594,
                314.1031951904297,
                517.7280731201172,
                323.55824279785156
            ],
            "Font": {
                "alt_family_name": "Arial",
                "embedded": true,
                "encoding": "WinAnsiEncoding",
                "family_name": "Arial MT",
                "font_type": "TrueType",
                "italic": false,
                "monospaced": false,
                "name": "IICWIS+ArialMT",
                "subset": true,
                "weight": 400
            },
            "HasClip": true,
            "Lang": "en",
            "Page": 0,
            "Path": "//Document/Sect/Table[3]/TR[3]/TD[4]/P",
            "Text": "$2760 ",
            "TextSize": 10.080001831054688,
            "attributes": {
                "LineHeight": 12.125
            }
        },
        {
            "Bounds": [
                77.447998046875,
                280.6031951904297,
                185.58624267578125,
                290.05824279785156
            ],
            "ClipBounds": [
                77.447998046875,
                280.6031951904297,
                185.58624267578125,
                290.05824279785156
            ],
            "Page": 0,
            "Path": "//Document/Sect/Table[3]/TR[4]/TD",
            "attributes": {
                "BBox": [
                    71.5170999999973,
                    264.02099999999336,
                    358.0649999999878,
                    297.61999999999534
                ],
                "BlockAlign": "Before",
                "BorderColor": [
                    0,
                    0,
                    0
                ],
                "BorderStyle": "Solid",
                "BorderThickness": [
                    0.25,
                    0.25,
                    0.5,
                    0.25
                ],
                "ColIndex": 0,
                "Height": 33.625,
                "InlineAlign": "Start",
                "RowIndex": 3,
                "Width": 286.375
            }
        },
        {
            "Bounds": [
                77.447998046875,
                280.6031951904297,
                185.58624267578125,
                290.05824279785156
            ],
            "ClipBounds": [
                77.447998046875,
                280.6031951904297,
                185.58624267578125,
                290.05824279785156
            ],
            "Font": {
                "alt_family_name": "Arial",
                "embedded": true,
                "encoding": "WinAnsiEncoding",
                "family_name": "Arial MT",
                "font_type": "TrueType",
                "italic": false,
                "monospaced": false,
                "name": "IICWIS+ArialMT",
                "subset": true,
                "weight": 400
            },
            "HasClip": true,
            "Lang": "en",
            "Page": 0,
            "Path": "//Document/Sect/Table[3]/TR[4]/TD/P",
            "Text": "Incredible Metal Towels ",
            "TextSize": 10.080001831054688,
            "attributes": {
                "LineHeight": 12.125
            }
        },
        {
            "Bounds": [
                363.82000732421875,
                280.6031951904297,
                383.3751983642578,
                290.05824279785156
            ],
            "ClipBounds": [
                363.82000732421875,
                280.6031951904297,
                383.3751983642578,
                290.05824279785156
            ],
            "Page": 0,
            "Path": "//Document/Sect/Table[3]/TR[4]/TD[2]",
            "attributes": {
                "BBox": [
                    357.58499999999185,
                    264.02099999999336,
                    414.22299999999814,
                    297.61999999999534
                ],
                "BlockAlign": "Before",
                "BorderColor": [
                    0,
                    0,
                    0
                ],
                "BorderStyle": "Solid",
                "BorderThickness": 0.25,
                "ColIndex": 1,
                "Height": 33.625,
                "InlineAlign": "Start",
                "RowIndex": 3,
                "Width": 56.625
            }
        },
        {
            "Bounds": [
                363.82000732421875,
                280.6031951904297,
                383.3751983642578,
                290.05824279785156
            ],
            "ClipBounds": [
                363.82000732421875,
                280.6031951904297,
                383.3751983642578,
                290.05824279785156
            ],
            "Font": {
                "alt_family_name": "Arial",
                "embedded": true,
                "encoding": "WinAnsiEncoding",
                "family_name": "Arial MT",
                "font_type": "TrueType",
                "italic": false,
                "monospaced": false,
                "name": "IICWIS+ArialMT",
                "subset": true,
                "weight": 400
            },
            "HasClip": true,
            "Lang": "en",
            "Page": 0,
            "Path": "//Document/Sect/Table[3]/TR[4]/TD[2]/P",
            "Text": "110 ",
            "TextSize": 10.080001831054688,
            "attributes": {
                "LineHeight": 12.125
            }
        },
        {
            "Bounds": [
                420.3800048828125,
                280.6031951904297,
                434.86000061035156,
                290.05824279785156
            ],
            "ClipBounds": [
                420.3800048828125,
                280.6031951904297,
                434.86000061035156,
                290.05824279785156
            ],
            "Page": 0,
            "Path": "//Document/Sect/Table[3]/TR[4]/TD[3]",
            "attributes": {
                "BBox": [
                    413.74299999998766,
                    264.02099999999336,
                    481.8999999999942,
                    297.61999999999534
                ],
                "BlockAlign": "Before",
                "BorderColor": [
                    0,
                    0,
                    0
                ],
                "BorderStyle": "Solid",
                "BorderThickness": 0.25,
                "ColIndex": 2,
                "Height": 33.625,
                "InlineAlign": "Start",
                "RowIndex": 3,
                "Width": 68.125
            }
        },
        {
            "Bounds": [
                420.3800048828125,
                280.6031951904297,
                434.86000061035156,
                290.05824279785156
            ],
            "ClipBounds": [
                420.3800048828125,
                280.6031951904297,
                434.86000061035156,
                290.05824279785156
            ],
            "Font": {
                "alt_family_name": "Arial",
                "embedded": true,
                "encoding": "WinAnsiEncoding",
                "family_name": "Arial MT",
                "font_type": "TrueType",
                "italic": false,
                "monospaced": false,
                "name": "IICWIS+ArialMT",
                "subset": true,
                "weight": 400
            },
            "HasClip": true,
            "Lang": "en",
            "Page": 0,
            "Path": "//Document/Sect/Table[3]/TR[4]/TD[3]/P",
            "Text": "32 ",
            "TextSize": 10.080001831054688,
            "attributes": {
                "LineHeight": 12.125
            }
        },
        {
            "Bounds": [
                487.00999450683594,
                280.6031951904297,
                517.7280731201172,
                290.05824279785156
            ],
            "ClipBounds": [
                487.00999450683594,
                280.6031951904297,
                517.7280731201172,
                290.05824279785156
            ],
            "Page": 0,
            "Path": "//Document/Sect/Table[3]/TR[4]/TD[4]",
            "attributes": {
                "BBox": [
                    481.41999999999825,
                    264.02099999999336,
                    541.417999999976,
                    297.61999999999534
                ],
                "BlockAlign": "Before",
                "BorderColor": [
                    0,
                    0,
                    0
                ],
                "BorderStyle": "Solid",
                "BorderThickness": [
                    0.25,
                    0.25,
                    0.25,
                    0.5
                ],
                "ColIndex": 3,
                "Height": 33.625,
                "InlineAlign": "Start",
                "RowIndex": 3,
                "Width": 60
            }
        },
        {
            "Bounds": [
                487.00999450683594,
                280.6031951904297,
                517.7280731201172,
                290.05824279785156
            ],
            "ClipBounds": [
                487.00999450683594,
                280.6031951904297,
                517.7280731201172,
                290.05824279785156
            ],
            "Font": {
                "alt_family_name": "Arial",
                "embedded": true,
                "encoding": "WinAnsiEncoding",
                "family_name": "Arial MT",
                "font_type": "TrueType",
                "italic": false,
                "monospaced": false,
                "name": "IICWIS+ArialMT",
                "subset": true,
                "weight": 400
            },
            "HasClip": true,
            "Lang": "en",
            "Page": 0,
            "Path": "//Document/Sect/Table[3]/TR[4]/TD[4]/P",
            "Text": "$3520 ",
            "TextSize": 10.080001831054688,
            "attributes": {
                "LineHeight": 12.125
            }
        },
        {
            "Bounds": [
                77.447998046875,
                247.1031951904297,
                174.9014434814453,
                256.55824279785156
            ],
            "ClipBounds": [
                77.447998046875,
                247.1031951904297,
                174.9014434814453,
                256.55824279785156
            ],
            "Page": 0,
            "Path": "//Document/Sect/Table[3]/TR[5]/TD",
            "attributes": {
                "BBox": [
                    71.5170999999973,
                    228.9829999999929,
                    358.0649999999878,
                    264.5009999999893
                ],
                "BlockAlign": "Before",
                "BorderColor": [
                    0,
                    0,
                    0
                ],
                "BorderStyle": "Solid",
                "BorderThickness": [
                    0.25,
                    0.625,
                    0.5,
                    0.25
                ],
                "ColIndex": 0,
                "Height": 35.5,
                "InlineAlign": "Start",
                "RowIndex": 4,
                "Width": 286.375
            }
        },
        {
            "Bounds": [
                77.447998046875,
                247.1031951904297,
                174.9014434814453,
                256.55824279785156
            ],
            "ClipBounds": [
                77.447998046875,
                247.1031951904297,
                174.9014434814453,
                256.55824279785156
            ],
            "Font": {
                "alt_family_name": "Arial",
                "embedded": true,
                "encoding": "WinAnsiEncoding",
                "family_name": "Arial MT",
                "font_type": "TrueType",
                "italic": false,
                "monospaced": false,
                "name": "IICWIS+ArialMT",
                "subset": true,
                "weight": 400
            },
            "HasClip": true,
            "Lang": "en",
            "Page": 0,
            "Path": "//Document/Sect/Table[3]/TR[5]/TD/P",
            "Text": "Unbranded Steel Ball ",
            "TextSize": 10.080001831054688,
            "attributes": {
                "LineHeight": 12.125
            }
        },
        {
            "Bounds": [
                363.82000732421875,
                247.1031951904297,
                378.3000030517578,
                256.55824279785156
            ],
            "ClipBounds": [
                363.82000732421875,
                247.1031951904297,
                378.3000030517578,
                256.55824279785156
            ],
            "Page": 0,
            "Path": "//Document/Sect/Table[3]/TR[5]/TD[2]",
            "attributes": {
                "BBox": [
                    357.58499999999185,
                    228.9829999999929,
                    414.22299999999814,
                    264.5009999999893
                ],
                "BlockAlign": "Before",
                "BorderColor": [
                    0,
                    0,
                    0
                ],
                "BorderStyle": "Solid",
                "BorderThickness": [
                    0.25,
                    0.625,
                    0.25,
                    0.25
                ],
                "ColIndex": 1,
                "Height": 35.5,
                "InlineAlign": "Start",
                "RowIndex": 4,
                "Width": 56.625
            }
        },
        {
            "Bounds": [
                363.82000732421875,
                247.1031951904297,
                378.3000030517578,
                256.55824279785156
            ],
            "ClipBounds": [
                363.82000732421875,
                247.1031951904297,
                378.3000030517578,
                256.55824279785156
            ],
            "Font": {
                "alt_family_name": "Arial",
                "embedded": true,
                "encoding": "WinAnsiEncoding",
                "family_name": "Arial MT",
                "font_type": "TrueType",
                "italic": false,
                "monospaced": false,
                "name": "IICWIS+ArialMT",
                "subset": true,
                "weight": 400
            },
            "HasClip": true,
            "Lang": "en",
            "Page": 0,
            "Path": "//Document/Sect/Table[3]/TR[5]/TD[2]/P",
            "Text": "17 ",
            "TextSize": 10.080001831054688,
            "attributes": {
                "LineHeight": 12.125
            }
        },
        {
            "Bounds": [
                420.3800048828125,
                247.1031951904297,
                434.86000061035156,
                256.55824279785156
            ],
            "ClipBounds": [
                420.3800048828125,
                247.1031951904297,
                434.86000061035156,
                256.55824279785156
            ],
            "Page": 0,
            "Path": "//Document/Sect/Table[3]/TR[5]/TD[3]",
            "attributes": {
                "BBox": [
                    413.74299999998766,
                    228.9829999999929,
                    481.8999999999942,
                    264.5009999999893
                ],
                "BlockAlign": "Before",
                "BorderColor": [
                    0,
                    0,
                    0
                ],
                "BorderStyle": "Solid",
                "BorderThickness": [
                    0.25,
                    0.625,
                    0.25,
                    0.25
                ],
                "ColIndex": 2,
                "Height": 35.5,
                "InlineAlign": "Start",
                "RowIndex": 4,
                "Width": 68.125
            }
        },
        {
            "Bounds": [
                420.3800048828125,
                247.1031951904297,
                434.86000061035156,
                256.55824279785156
            ],
            "ClipBounds": [
                420.3800048828125,
                247.1031951904297,
                434.86000061035156,
                256.55824279785156
            ],
            "Font": {
                "alt_family_name": "Arial",
                "embedded": true,
                "encoding": "WinAnsiEncoding",
                "family_name": "Arial MT",
                "font_type": "TrueType",
                "italic": false,
                "monospaced": false,
                "name": "IICWIS+ArialMT",
                "subset": true,
                "weight": 400
            },
            "HasClip": true,
            "Lang": "en",
            "Page": 0,
            "Path": "//Document/Sect/Table[3]/TR[5]/TD[3]/P",
            "Text": "42 ",
            "TextSize": 10.080001831054688,
            "attributes": {
                "LineHeight": 12.125
            }
        },
        {
            "Bounds": [
                487.00999450683594,
                247.1031951904297,
                512.3251953125,
                256.55824279785156
            ],
            "ClipBounds": [
                487.00999450683594,
                247.1031951904297,
                512.3251953125,
                256.55824279785156
            ],
            "Page": 0,
            "Path": "//Document/Sect/Table[3]/TR[5]/TD[4]",
            "attributes": {
                "BBox": [
                    481.41999999999825,
                    228.9829999999929,
                    541.417999999976,
                    264.5009999999893
                ],
                "BlockAlign": "Before",
                "BorderColor": [
                    0,
                    0,
                    0
                ],
                "BorderStyle": "Solid",
                "BorderThickness": [
                    0.25,
                    0.625,
                    0.25,
                    0.5
                ],
                "ColIndex": 3,
                "Height": 35.5,
                "InlineAlign": "Start",
                "RowIndex": 4,
                "Width": 60
            }
        },
        {
            "Bounds": [
                487.00999450683594,
                247.1031951904297,
                512.3251953125,
                256.55824279785156
            ],
            "ClipBounds": [
                487.00999450683594,
                247.1031951904297,
                512.3251953125,
                256.55824279785156
            ],
            "Font": {
                "alt_family_name": "Arial",
                "embedded": true,
                "encoding": "WinAnsiEncoding",
                "family_name": "Arial MT",
                "font_type": "TrueType",
                "italic": false,
                "monospaced": false,
                "name": "IICWIS+ArialMT",
                "subset": true,
                "weight": 400
            },
            "HasClip": true,
            "Lang": "en",
            "Page": 0,
            "Path": "//Document/Sect/Table[3]/TR[5]/TD[4]/P",
            "Text": "$714 ",
            "TextSize": 10.080001831054688,
            "attributes": {
                "LineHeight": 12.125
            }
        },
        {
            "Bounds": [
                77.447998046875,
                133.29319763183594,
                516.6336822509766,
                176.60824584960938
            ],
            "ClipBounds": [
                77.447998046875,
                133.29319763183594,
                516.6336822509766,
                176.60824584960938
            ],
            "Page": 0,
            "Path": "//Document/Sect/Table[4]",
            "attributes": {
                "BBox": [
                    77.03689999999915,
                    135.38699999999517,
                    514.0589999999793,
                    174.9849999999933
                ],
                "NumCol": 2,
                "NumRow": 2,
                "Placement": "Block",
                "SpaceAfter": 18
            }
        },
        {
            "Bounds": [
                77.447998046875,
                167.1531982421875,
                120.4593505859375,
                176.60824584960938
            ],
            "ClipBounds": [
                77.447998046875,
                167.1531982421875,
                120.4593505859375,
                176.60824584960938
            ],
            "Page": 0,
            "Path": "//Document/Sect/Table[4]/TR/TD",
            "attributes": {
                "BBox": [
                    77.03689999999915,
                    151.2259999999951,
                    359.2649999999994,
                    174.9849999999933
                ],
                "BlockAlign": "Before",
                "ColIndex": 0,
                "Height": 23.75,
                "InlineAlign": "Start",
                "RowIndex": 0,
                "Width": 282.25
            }
        },
        {
            "Bounds": [
                77.447998046875,
                167.1531982421875,
                120.4593505859375,
                176.60824584960938
            ],
            "ClipBounds": [
                77.447998046875,
                167.1531982421875,
                120.4593505859375,
                176.60824584960938
            ],
            "Font": {
                "alt_family_name": "Arial",
                "embedded": true,
                "encoding": "WinAnsiEncoding",
                "family_name": "Arial",
                "font_type": "TrueType",
                "italic": false,
                "monospaced": false,
                "name": "AODFAI+Arial-BoldMT",
                "subset": true,
                "weight": 700
            },
            "HasClip": true,
            "Lang": "en",
            "Page": 0,
            "Path": "//Document/Sect/Table[4]/TR/TD/P",
            "Text": "Subtotal ",
            "TextSize": 10.080001831054688,
            "attributes": {
                "LineHeight": 12.125
            }
        },
        {
            "Bounds": [
                485.92999267578125,
                167.1531982421875,
                516.6336822509766,
                176.60824584960938
            ],
            "ClipBounds": [
                485.92999267578125,
                167.1531982421875,
                516.6336822509766,
                176.60824584960938
            ],
            "Page": 0,
            "Path": "//Document/Sect/Table[4]/TR/TD[2]",
            "attributes": {
                "BBox": [
                    359.2649999999994,
                    151.2259999999951,
                    514.0589999999793,
                    174.9849999999933
                ],
                "BlockAlign": "Before",
                "ColIndex": 1,
                "Height": 23.75,
                "InlineAlign": "End",
                "RowIndex": 0,
                "Width": 154.75
            }
        },
        {
            "Bounds": [
                485.92999267578125,
                167.1531982421875,
                516.6336822509766,
                176.60824584960938
            ],
            "ClipBounds": [
                485.92999267578125,
                167.1531982421875,
                516.6336822509766,
                176.60824584960938
            ],
            "Font": {
                "alt_family_name": "Arial",
                "embedded": true,
                "encoding": "WinAnsiEncoding",
                "family_name": "Arial MT",
                "font_type": "TrueType",
                "italic": false,
                "monospaced": false,
                "name": "IICWIS+ArialMT",
                "subset": true,
                "weight": 400
            },
            "HasClip": true,
            "Lang": "en",
            "Page": 0,
            "Path": "//Document/Sect/Table[4]/TR/TD[2]/P",
            "Text": "$9561 ",
            "TextSize": 10.080001831054688,
            "attributes": {
                "LineHeight": 12.125
            }
        },
        {
            "Bounds": [
                77.447998046875,
                133.29319763183594,
                109.73143005371094,
                142.7482452392578
            ],
            "ClipBounds": [
                77.447998046875,
                133.29319763183594,
                109.73143005371094,
                142.7482452392578
            ],
            "Page": 0,
            "Path": "//Document/Sect/Table[4]/TR[2]/TD",
            "attributes": {
                "BBox": [
                    77.03689999999915,
                    135.38699999999517,
                    359.2649999999994,
                    151.2259999999951
                ],
                "BlockAlign": "After",
                "ColIndex": 0,
                "Height": 15.875,
                "InlineAlign": "Start",
                "RowIndex": 1,
                "Width": 282.25
            }
        },
        {
            "Bounds": [
                77.447998046875,
                133.29319763183594,
                109.73143005371094,
                142.7482452392578
            ],
            "ClipBounds": [
                77.447998046875,
                133.29319763183594,
                109.73143005371094,
                142.7482452392578
            ],
            "Font": {
                "alt_family_name": "Arial",
                "embedded": true,
                "encoding": "WinAnsiEncoding",
                "family_name": "Arial",
                "font_type": "TrueType",
                "italic": false,
                "monospaced": false,
                "name": "AODFAI+Arial-BoldMT",
                "subset": true,
                "weight": 700
            },
            "HasClip": true,
            "Lang": "en",
            "Page": 0,
            "Path": "//Document/Sect/Table[4]/TR[2]/TD/P",
            "Text": "Tax % ",
            "TextSize": 10.080001831054688,
            "attributes": {
                "LineHeight": 12.125
            }
        },
        {
            "Bounds": [
                485.92999267578125,
                133.29319763183594,
                500.4100036621094,
                142.7482452392578
            ],
            "ClipBounds": [
                485.92999267578125,
                133.29319763183594,
                500.4100036621094,
                142.7482452392578
            ],
            "Page": 0,
            "Path": "//Document/Sect/Table[4]/TR[2]/TD[2]",
            "attributes": {
                "BBox": [
                    359.2649999999994,
                    135.38699999999517,
                    514.0589999999793,
                    151.2259999999951
                ],
                "BlockAlign": "After",
                "ColIndex": 1,
                "Height": 15.875,
                "InlineAlign": "End",
                "RowIndex": 1,
                "Width": 154.75
            }
        },
        {
            "Bounds": [
                485.92999267578125,
                133.29319763183594,
                500.4100036621094,
                142.7482452392578
            ],
            "ClipBounds": [
                485.92999267578125,
                133.29319763183594,
                500.4100036621094,
                142.7482452392578
            ],
            "Font": {
                "alt_family_name": "Arial",
                "embedded": true,
                "encoding": "WinAnsiEncoding",
                "family_name": "Arial MT",
                "font_type": "TrueType",
                "italic": false,
                "monospaced": false,
                "name": "IICWIS+ArialMT",
                "subset": true,
                "weight": 400
            },
            "HasClip": true,
            "Lang": "en",
            "Page": 0,
            "Path": "//Document/Sect/Table[4]/TR[2]/TD[2]/P",
            "Text": "10 ",
            "TextSize": 10.080001831054688,
            "attributes": {
                "LineHeight": 12.125
            }
        },
        {
            "Bounds": [
                77.447998046875,
                650.8531951904297,
                126.14447021484375,
                660.3082427978516
            ],
            "ClipBounds": [
                77.447998046875,
                650.8531951904297,
                126.14447021484375,
                660.3082427978516
            ],
            "Font": {
                "alt_family_name": "Arial",
                "embedded": true,
                "encoding": "WinAnsiEncoding",
                "family_name": "Arial",
                "font_type": "TrueType",
                "italic": false,
                "monospaced": false,
                "name": "AODFAI+Arial-BoldMT",
                "subset": true,
                "weight": 700
            },
            "HasClip": true,
            "Lang": "en",
            "Page": 1,
            "Path": "//Document/Sect/P[6]",
            "Text": "Total Due ",
            "TextSize": 10.080001831054688
        },
        {
            "Bounds": [
                485.92999267578125,
                648.9199981689453,
                526.1329956054688,
                657.3619995117188
            ],
            "ClipBounds": [
                485.92999267578125,
                648.9199981689453,
                526.1329956054688,
                657.3619995117188
            ],
            "Font": {
                "alt_family_name": "Arial",
                "embedded": true,
                "encoding": "WinAnsiEncoding",
                "family_name": "Arial MT",
                "font_type": "TrueType",
                "italic": false,
                "monospaced": false,
                "name": "IICWIS+ArialMT",
                "subset": true,
                "weight": 400
            },
            "HasClip": true,
            "Lang": "en",
            "Page": 1,
            "Path": "//Document/Sect/P[7]",
            "Text": "$10517.1 ",
            "TextSize": 9,
            "attributes": {
                "LineHeight": 10.75,
                "TextAlign": "End"
            }
        }
    ],
    "pages": [
        {
            "boxes": {
                "CropBox": [
                    0,
                    0,
                    612,
                    792
                ],
                "MediaBox": [
                    0,
                    0,
                    612,
                    792
                ]
            },
            "height": 792,
            "is_scanned": false,
            "page_number": 0,
            "rotation": 0,
            "width": 612
        },
        {
            "boxes": {
                "CropBox": [
                    0,
                    0,
                    612,
                    792
                ],
                "MediaBox": [
                    0,
                    0,
                    612,
                    792
                ]
            },
            "height": 792,
            "is_scanned": false,
            "page_number": 1,
            "rotation": 0,
            "width": 612
        }
    ]
}