{
    "version": {
        "json_export": "187",
        "page_segmentation": "5",
        "schema": "1.1.0",
        "structure": "1.1036.0",
        "table_structure": "5"
    },
    "extended_metadata": {
        "ID_instance": "40 41 44 A7 42 B7 B2 11 0A 00 67 45 8B 6B C6 23 ",
        "ID_permanent": "38 41 20 42 42 20 34 31 20 41 37 20 34 32 20 42 37 20 42 32 20 31 31 20 30 41 20 30 30 20 36 37 20 34 35 20 38 42 20 36 42 20 43 36 20 32 33 20 ",
        "pdf_version": "1.6",
        "pdfa_compliance_level": "",
        "is_encrypted": false,
        "has_acroform": false,
        "is_digitally_signed": false,
        "pdfua_compliance_level": "",
        "page_count": 1,
        "has_embedded_files": false,
        "is_certified": false,
        "is_XFA": false,
        "language": "en-US"
    },
    "elements": [
        {
            "Bounds": [
                76.72799682617188,
                734.4232025146484,
                171.43968200683594,
                743.8782348632812
            ],
            "ClipBounds": [
                76.72799682617188,
                734.4232025146484,
                171.43968200683594,
                743.8782348632812
            ],
            "Font": {
                "alt_family_name": "Arial",
                "embedded": true,
                "encoding": "WinAnsiEncoding",
                "family_name": "Arial",
                "font_type": "TrueType",
                "italic": false,
                "monospaced": false,
                "name": "DDSBBI+Arial-BoldMT",
                "subset": true,
                "weight": 700
            },
            "HasClip": true,
            "Lang": "en",
            "Page": 0,
            "Path": "//Document/Sect/P",
            "Text": "NearBy Electronics ",
            "TextSize": 10.080001831054688
        },
        {
            "Bounds": [
                76.72799682617188,
                708.1132049560547,
                214.52447509765625,
                730.5582427978516
            ],
            "ClipBounds": [
                76.72799682617188,
                708.1132049560547,
                214.52447509765625,
                730.5582427978516
            ],
            "Font": {
                "alt_family_name": "Arial",
                "embedded": true,
                "encoding": "WinAnsiEncoding",
                "family_name": "Arial MT",
                "font_type": "TrueType",
                "italic": false,
                "monospaced": false,
                "name": "NAQJLO+ArialMT",
                "subset": true,
                "weight": 400
            },
            "HasClip": true,
            "Lang": "en",
            "Page": 0,
            "Path": "//Document/Sect/P[2]",
            "Text": "3741 Glory Road, Jamestown, Tennessee, USA ",
            "TextSize": 10.080001831054688
        },
        {
            "Bounds": [
                76.72799682617188,
                694.7931976318359,
                107.43167114257812,
                704.2482452392578
            ],
            "ClipBounds": [
                76.72799682617188,
                694.7931976318359,
                107.43167114257812,
                704.2482452392578
            ],
            "Font": {
                "alt_family_name": "Arial",
                "embedded": true,
                "encoding": "WinAnsiEncoding",
                "family_name": "Arial MT",
                "font_type": "TrueType",
                "italic": false,
                "monospaced": false,
                "name": "NAQJLO+ArialMT",
                "subset": true,
                "weight": 400
            },
            "HasClip": true,
            "Lang": "en",
            "Page": 0,
            "Path": "//Document/Sect/P[3]",
            "Text": "38556 ",
            "TextSize": 10.080001831054688
        },
        {
            "Bounds": [
                499.99000549316406,
                734.4232025146484,
                542.9308013916016,
                743.8782348632812
            ],
            "ClipBounds": [
                499.99000549316406,
                734.4232025146484,
                542.9308013916016,
                743.8782348632812
            ],
            "Font": {
                "alt_family_name": "Arial",
                "embedded": true,
                "encoding": "WinAnsiEncoding",
                "family_name": "Arial",
                "font_type": "TrueType",
                "italic": false,
                "monospaced": false,
                "name": "DDSBBI+Arial-BoldMT",
                "subset": true,
                "weight": 700
            },
            "HasClip": true,
            "Lang": "en",
            "Page": 0,
            "Path": "//Document/Sect/P[4]",
            "Text": "Invoice# ",
            "TextSize": 10.080001831054688,
            "attributes": {
                "LineHeight": 12.125,
                "TextAlign": "End"
            }
        },
        {
            "Bounds": [
                337.50999450683594,
                694.7931976318359,
                543.3080749511719,
                730.5582427978516
            ],
            "ClipBounds": [
                337.50999450683594,
                694.7931976318359,
                543.3080749511719,
                730.5582427978516
            ],
            "Font": {
                "alt_family_name": "Arial",
                "embedded": true,
                "encoding": "WinAnsiEncoding",
                "family_name": "Arial MT",
                "font_type": "TrueType",
                "italic": false,
                "monospaced": false,
                "name": "NAQJLO+ArialMT",
                "subset": true,
                "weight": 400
            },
            "HasClip": true,
            "Lang": "en",
            "Page": 0,
            "Path": "//Document/Sect/P[5]",
            "Text": "MT10JMMO190261WIWDX4LF7SDF2KQYO Issue date 12-05-2023 ",
            "TextSize": 10.080001831054688,
            "attributes": {
                "LineHeight": 13.125,
                "TextAlign": "End"
            }
        },
        {
            "Bounds": [
                76.72799682617188,
                636.5885620117188,
                295.7052459716797,
                659.9109954833984
            ],
            "ClipBounds": [
                76.72799682617188,
                636.5885620117188,
                295.7052459716797,
                659.9109954833984
            ],
            "Font": {
                "alt_family_name": "Arial",
                "embedded": true,
                "encoding": "WinAnsiEncoding",
                "family_name": "Arial MT",
                "font_type": "TrueType",
                "italic": false,
                "monospaced": false,
                "name": "NAQJLO+ArialMT",
                "subset": true,
                "weight": 400
            },
            "HasClip": true,
            "Lang": "en",
            "Page": 0,
            "Path": "//Document/Sect/Title",
            "Text": "NearBy Electronics ",
            "TextSize": 24.863998413085938,
            "attributes": {
                "LineHeight": 29.875,
                "SpaceAfter": 7
            }
        },
        {
            "Bounds": [
                76.72799682617188,
                620.6132049560547,
                460.8868713378906,
                630.0682373046875
            ],
            "ClipBounds": [
                76.72799682617188,
                620.6132049560547,
                460.8868713378906,
                630.0682373046875
            ],
            "Font": {
                "alt_family_name": "Arial",
                "embedded": true,
                "encoding": "WinAnsiEncoding",
                "family_name": "Arial MT",
                "font_type": "TrueType",
                "italic": false,
                "monospaced": false,
                "name": "NAQJLO+ArialMT",
                "subset": true,
                "weight": 400
            },
            "HasClip": true,
            "Lang": "en",
            "Page": 0,
            "Path": "//Document/Sect/P[6]",
            "Text": "We are here to serve you better. Reach out to us in case of any concern or feedbacks. ",
            "TextSize": 10.080001831054688,
            "attributes": {
                "SpaceAfter": 18
            }
        },
        {
            "Bounds": [
                81.04800415039062,
                501.7431945800781,
                513.0480804443359,
                577.1182403564453
            ],
            "ClipBounds": [
                81.04800415039062,
                501.7431945800781,
                513.0480804443359,
                577.1182403564453
            ],
            "Page": 0,
            "Path": "//Document/Sect/Table",
            "attributes": {
                "BBox": [
                    80.99669999999969,
                    503.89199999999255,
                    558.2169999999751,
                    575.4089999999851
                ],
                "NumCol": 3,
                "NumRow": 2,
                "Placement": "Block",
                "SpaceAfter": 18
            }
        },
        {
            "Bounds": [
                81.04800415039062,
                567.6631927490234,
                122.99087524414062,
                577.1182403564453
            ],
            "ClipBounds": [
                81.04800415039062,
                567.6631927490234,
                122.99087524414062,
                577.1182403564453
            ],
            "Page": 0,
            "Path": "//Document/Sect/Table/TR/TH",
            "attributes": {
                "BBox": [
                    80.99669999999969,
                    566.6489999999758,
                    216.7109999999957,
                    575.4089999999851
                ],
                "BlockAlign": "Before",
                "ColIndex": 0,
                "Height": 8.75,
                "InlineAlign": "Start",
                "RowIndex": 0,
                "Width": 135.75
            }
        },
        {
            "Bounds": [
                81.04800415039062,
                567.6631927490234,
                122.99087524414062,
                577.1182403564453
            ],
            "ClipBounds": [
                81.04800415039062,
                567.6631927490234,
                122.99087524414062,
                577.1182403564453
            ],
            "Font": {
                "alt_family_name": "Arial",
                "embedded": true,
                "encoding": "WinAnsiEncoding",
                "family_name": "Arial",
                "font_type": "TrueType",
                "italic": false,
                "monospaced": false,
                "name": "DDSBBI+Arial-BoldMT",
                "subset": true,
                "weight": 700
            },
            "HasClip": true,
            "Lang": "en",
            "Page": 0,
            "Path": "//Document/Sect/Table/TR/TH/P",
            "Text": "BILL TO ",
            "TextSize": 10.080001831054688,
            "attributes": {
                "LineHeight": 12.125
            }
        },
        {
            "Bounds": [
                240.25999450683594,
                567.6631927490234,
                286.1240692138672,
                577.1182403564453
            ],
            "ClipBounds": [
                240.25999450683594,
                567.6631927490234,
                286.1240692138672,
                577.1182403564453
            ],
            "Page": 0,
            "Path": "//Document/Sect/Table/TR/TH[2]",
            "attributes": {
                "BBox": [
                    216.7109999999957,
                    566.6489999999758,
                    403.903999999995,
                    575.4089999999851
                ],
                "BlockAlign": "Before",
                "ColIndex": 1,
                "Height": 8.75,
                "InlineAlign": "Start",
                "RowIndex": 0,
                "Width": 187.25
            }
        },
        {
            "Bounds": [
                240.25999450683594,
                567.6631927490234,
                286.1240692138672,
                577.1182403564453
            ],
            "ClipBounds": [
                240.25999450683594,
                567.6631927490234,
                286.1240692138672,
                577.1182403564453
            ],
            "Font": {
                "alt_family_name": "Arial",
                "embedded": true,
                "encoding": "WinAnsiEncoding",
                "family_name": "Arial",
                "font_type": "TrueType",
                "italic": false,
                "monospaced": false,
                "name": "DDSBBI+Arial-BoldMT",
                "subset": true,
                "weight": 700
            },
            "HasClip": true,
            "Lang": "en",
            "Page": 0,
            "Path": "//Document/Sect/Table/TR/TH[2]/P",
            "Text": "DETAILS ",
            "TextSize": 10.080001831054688,
            "attributes": {
                "LineHeight": 12.125
            }
        },
        {
            "Bounds": [
                412.8000030517578,
                567.6631927490234,
                464.58103942871094,
                577.1182403564453
            ],
            "ClipBounds": [
                412.8000030517578,
                567.6631927490234,
                464.58103942871094,
                577.1182403564453
            ],
            "Page": 0,
            "Path": "//Document/Sect/Table/TR/TH[3]",
            "attributes": {
                "BBox": [
                    403.903999999995,
                    566.6489999999758,
                    558.2169999999751,
                    575.4089999999851
                ],
                "BlockAlign": "Before",
                "ColIndex": 2,
                "Height": 8.75,
                "InlineAlign": "Start",
                "RowIndex": 0,
                "Width": 154.375
            }
        },
        {
            "Bounds": [
                412.8000030517578,
                567.6631927490234,
                464.58103942871094,
                577.1182403564453
            ],
            "ClipBounds": [
                412.8000030517578,
                567.6631927490234,
                464.58103942871094,
                577.1182403564453
            ],
            "Font": {
                "alt_family_name": "Arial",
                "embedded": true,
                "encoding": "WinAnsiEncoding",
                "family_name": "Arial",
                "font_type": "TrueType",
                "italic": false,
                "monospaced": false,
                "name": "DDSBBI+Arial-BoldMT",
                "subset": true,
                "weight": 700
            },
            "HasClip": true,
            "Lang": "en",
            "Page": 0,
            "Path": "//Document/Sect/Table/TR/TH[3]/P",
            "Text": "PAYMENT ",
            "TextSize": 10.080001831054688,
            "attributes": {
                "LineHeight": 12.125
            }
        },
        {
            "Bounds": [
                81.04800415039062,
                501.7431945800781,
                195.8188018798828,
                564.1382446289062
            ],
            "ClipBounds": [
                81.04800415039062,
                501.7431945800781,
                195.8188018798828,
                564.1382446289062
            ],
            "Page": 0,
            "Path": "//Document/Sect/Table/TR[2]/TD",
            "attributes": {
                "BBox": [
                    80.99669999999969,
                    503.89199999999255,
                    216.7109999999957,
                    566.6489999999758
                ],
                "BlockAlign": "After",
                "ColIndex": 0,
                "Height": 62.75,
                "InlineAlign": "Start",
                "RowIndex": 1,
                "Width": 135.75
            }
        },
        {
            "Bounds": [
                81.04800415039062,
                554.6831970214844,
                136.81048583984375,
                564.1382446289062
            ],
            "ClipBounds": [
                81.04800415039062,
                554.6831970214844,
                136.81048583984375,
                564.1382446289062
            ],
            "Font": {
                "alt_family_name": "Arial",
                "embedded": true,
                "encoding": "WinAnsiEncoding",
                "family_name": "Arial MT",
                "font_type": "TrueType",
                "italic": false,
                "monospaced": false,
                "name": "NAQJLO+ArialMT",
                "subset": true,
                "weight": 400
            },
            "HasClip": true,
            "Page": 0,
            "Path": "//Document/Sect/Table/TR[2]/TD/P/Sub",
            "Text": "Terri Ernser ",
            "TextSize": 10.080001831054688,
            "attributes": {
                "Placement": "Block"
            }
        },
        {
            "Bounds": [
                81.04800415039062,
                541.3632049560547,
                195.8188018798828,
                550.8182373046875
            ],
            "ClipBounds": [
                81.04800415039062,
                541.3632049560547,
                195.8188018798828,
                550.8182373046875
            ],
            "Font": {
                "alt_family_name": "Arial",
                "embedded": true,
                "encoding": "WinAnsiEncoding",
                "family_name": "Arial MT",
                "font_type": "TrueType",
                "italic": false,
                "monospaced": false,
                "name": "NAQJLO+ArialMT",
                "subset": true,
                "weight": 400
            },
            "HasClip": true,
            "Page": 0,
            "Path": "//Document/Sect/Table/TR[2]/TD/P/Sub[2]",
            "Text": "Terri.Ernser@yahoo.com ",
            "TextSize": 10.080001831054688,
            "attributes": {
                "Placement": "Block"
            }
        },
        {
            "Bounds": [
                81.04800415039062,
                528.0431976318359,
                146.34808349609375,
                537.4982452392578
            ],
            "ClipBounds": [
                81.04800415039062,
                528.0431976318359,
                146.34808349609375,
                537.4982452392578
            ],
            "Font": {
                "alt_family_name": "Arial",
                "embedded": true,
                "encoding": "WinAnsiEncoding",
                "family_name": "Arial MT",
                "font_type": "TrueType",
                "italic": false,
                "monospaced": false,
                "name": "NAQJLO+ArialMT",
                "subset": true,
                "weight": 400
            },
            "HasClip": true,
            "Page": 0,
            "Path": "//Document/Sect/Table/TR[2]/TD/P/Sub[3]",
            "Text": "415-897-1517 ",
            "TextSize": 10.080001831054688,
            "attributes": {
                "Placement": "Block"
            }
        },
        {
            "Bounds": [
                81.04800415039062,
                514.7232055664062,
                159.7123260498047,
                524.1782379150391
            ],
            "ClipBounds": [
                81.04800415039062,
                514.7232055664062,
                159.7123260498047,
                524.1782379150391
            ],
            "Font": {
                "alt_family_name": "Arial",
                "embedded": true,
                "encoding": "WinAnsiEncoding",
                "family_name": "Arial MT",
                "font_type": "TrueType",
                "italic": false,
                "monospaced": false,
                "name": "NAQJLO+ArialMT",
                "subset": true,
                "weight": 400
            },
            "HasClip": true,
            "Page": 0,
            "Path": "//Document/Sect/Table/TR[2]/TD/P/Sub[4]",
            "Text": "231 Jayne Fields ",
            "TextSize": 10.080001831054688,
            "attributes": {
                "Placement": "Block"
            }
        },
        {
            "Bounds": [
                81.04800415039062,
                501.7431945800781,
                121.09584045410156,
                511.1982421875
            ],
            "ClipBounds": [
                81.04800415039062,
                501.7431945800781,
                121.09584045410156,
                511.1982421875
            ],
            "Font": {
                "alt_family_name": "Arial",
                "embedded": true,
                "encoding": "WinAnsiEncoding",
                "family_name": "Arial MT",
                "font_type": "TrueType",
                "italic": false,
                "monospaced": false,
                "name": "NAQJLO+ArialMT",
                "subset": true,
                "weight": 400
            },
            "HasClip": true,
            "Page": 0,
            "Path": "//Document/Sect/Table/TR[2]/TD/P/Sub[5]",
            "Text": "Mwanza ",
            "TextSize": 10.080001831054688,
            "attributes": {
                "Placement": "Block"
            }
        },
        {
            "Bounds": [
                240.25999450683594,
                541.3632049560547,
                369.8887939453125,
                564.1382446289062
            ],
            "ClipBounds": [
                240.25999450683594,
                541.3632049560547,
                369.8887939453125,
                564.1382446289062
            ],
            "Page": 0,
            "Path": "//Document/Sect/Table/TR[2]/TD[2]",
            "attributes": {
                "BBox": [
                    216.7109999999957,
                    503.89199999999255,
                    403.903999999995,
                    566.6489999999758
                ],
                "BlockAlign": "Before",
                "ColIndex": 1,
                "Height": 62.75,
                "InlineAlign": "Start",
                "RowIndex": 1,
                "Width": 187.25
            }
        },
        {
            "Bounds": [
                240.25999450683594,
                541.3632049560547,
                369.8887939453125,
                564.1382446289062
            ],
            "ClipBounds": [
                240.25999450683594,
                541.3632049560547,
                369.8887939453125,
                564.1382446289062
            ],
            "Font": {
                "alt_family_name": "Arial",
                "embedded": true,
                "encoding": "WinAnsiEncoding",
                "family_name": "Arial MT",
                "font_type": "TrueType",
                "italic": false,
                "monospaced": false,
                "name": "NAQJLO+ArialMT",
                "subset": true,
                "weight": 400
            },
            "HasClip": true,
            "Lang": "fr",
            "Page": 0,
            "Path": "//Document/Sect/Table/TR[2]/TD[2]/P",
            "Text": "anim et ullamco eiusmod est officia sunt pariatur do ",
            "TextSize": 10.080001831054688,
            "attributes": {
                "LineHeight": 13.375
            }
        },
        {
            "Bounds": [
                410.63999938964844,
                522.056396484375,
                513.0480804443359,
                564.1382446289062
            ],
            "ClipBounds": [
                410.63999938964844,
                522.056396484375,
                513.0480804443359,
                564.1382446289062
            ],
            "Page": 0,
            "Path": "//Document/Sect/Table/TR[2]/TD[3]",
            "attributes": {
                "BBox": [
                    403.903999999995,
                    503.89199999999255,
                    558.2169999999751,
                    566.6489999999758
                ],
                "BlockAlign": "Before",
                "ColIndex": 2,
                "Height": 62.75,
                "InlineAlign": "Start",
                "RowIndex": 1,
                "Width": 154.375
            }
        },
        {
            "Bounds": [
                412.8000030517578,
                554.6831970214844,
                513.0480804443359,
                564.1382446289062
            ],
            "ClipBounds": [
                412.8000030517578,
                554.6831970214844,
                513.0480804443359,
                564.1382446289062
            ],
            "Font": {
                "alt_family_name": "Arial",
                "embedded": true,
                "encoding": "WinAnsiEncoding",
                "family_name": "Arial MT",
                "font_type": "TrueType",
                "italic": false,
                "monospaced": false,
                "name": "NAQJLO+ArialMT",
                "subset": true,
                "weight": 400
            },
            "HasClip": true,
            "Lang": "en",
            "Page": 0,
            "Path": "//Document/Sect/Table/TR[2]/TD[3]/P",
            "Text": "Due date: 27-06-2023 ",
            "TextSize": 10.080001831054688,
            "attributes": {
                "LineHeight": 12.125
            }
        },
        {
            "Bounds": [
                410.63999938964844,
                522.056396484375,
                453.7554016113281,
                532.5244750976562
            ],
            "ClipBounds": [
                410.63999938964844,
                522.056396484375,
                453.7554016113281,
                532.5244750976562
            ],
            "Font": {
                "alt_family_name": "Arial",
                "embedded": true,
                "encoding": "WinAnsiEncoding",
                "family_name": "Arial",
                "font_type": "TrueType",
                "italic": false,
                "monospaced": false,
                "name": "DDSBBI+Arial-BoldMT",
                "subset": true,
                "weight": 700
            },
            "HasClip": true,
            "Lang": "en",
            "Page": 0,
            "Path": "//Document/Sect/Table/TR[2]/TD[3]/P[2]",
            "Text": "$4617.8 ",
            "TextSize": 11.160003662109375,
            "attributes": {
                "LineHeight": 13.375
            }
        },
        {
            "Bounds": [
                77.447998046875,
                430.0731964111328,
                530.1510314941406,
                439.5282440185547
            ],
            "ClipBounds": [
                77.447998046875,
                430.0731964111328,
                530.1510314941406,
                439.5282440185547
            ],
            "Page": 0,
            "Path": "//Document/Sect/Table[2]",
            "attributes": {
                "BBox": [
                    71.5170999999973,
                    414.73499999998603,
                    540.9379999999946,
                    447.73399999999674
                ],
                "NumCol": 4,
                "Placement": "Block",
                "SpaceAfter": 18
            }
        },
        {
            "Bounds": [
                77.447998046875,
                430.0731964111328,
                104.47239685058594,
                439.5282440185547
            ],
            "ClipBounds": [
                77.447998046875,
                430.0731964111328,
                104.47239685058594,
                439.5282440185547
            ],
            "Page": 0,
            "Path": "//Document/Sect/Table[2]/TR/TD",
            "attributes": {
                "BBox": [
                    71.5170999999973,
                    413.8949999999895,
                    358.78499999998894,
                    447.73399999999674
                ],
                "BlockAlign": "Middle",
                "BorderColor": [
                    [
                        0,
                        0,
                        0
                    ],
                    [
                        0.6235349999999755,
                        0.6235349999999755,
                        0.6235349999999755
                    ],
                    [
                        0,
                        0,
                        0
                    ],
                    [
                        0,
                        0,
                        0
                    ]
                ],
                "BorderStyle": "Solid",
                "BorderThickness": [
                    0.625,
                    0.875,
                    0.5,
                    0.25
                ],
                "ColIndex": 0,
                "Height": 33.875,
                "InlineAlign": "Start",
                "RowIndex": 0,
                "Width": 287.25
            }
        },
        {
            "Bounds": [
                77.447998046875,
                430.0731964111328,
                104.47239685058594,
                439.5282440185547
            ],
            "ClipBounds": [
                77.447998046875,
                430.0731964111328,
                104.47239685058594,
                439.5282440185547
            ],
            "Font": {
                "alt_family_name": "Arial",
                "embedded": true,
                "encoding": "WinAnsiEncoding",
                "family_name": "Arial",
                "font_type": "TrueType",
                "italic": false,
                "monospaced": false,
                "name": "DDSBBI+Arial-BoldMT",
                "subset": true,
                "weight": 700
            },
            "HasClip": true,
            "Lang": "en",
            "Page": 0,
            "Path": "//Document/Sect/Table[2]/TR/TD/P",
            "Text": "ITEM ",
            "TextSize": 10.080001831054688,
            "attributes": {
                "LineHeight": 12.125
            }
        },
        {
            "Bounds": [
                363.1000061035156,
                430.0731964111328,
                386.6570281982422,
                439.5282440185547
            ],
            "ClipBounds": [
                363.1000061035156,
                430.0731964111328,
                386.6570281982422,
                439.5282440185547
            ],
            "Page": 0,
            "Path": "//Document/Sect/Table[2]/TR/TD[2]",
            "attributes": {
                "BBox": [
                    358.304999999993,
                    413.8949999999895,
                    415.6629999999859,
                    447.73399999999674
                ],
                "BlockAlign": "Middle",
                "BorderColor": [
                    [
                        0,
                        0,
                        0
                    ],
                    [
                        0.6235349999999755,
                        0.6235349999999755,
                        0.6235349999999755
                    ],
                    [
                        0,
                        0,
                        0
                    ],
                    [
                        0,
                        0,
                        0
                    ]
                ],
                "BorderStyle": "Solid",
                "BorderThickness": [
                    0.625,
                    0.875,
                    0.25,
                    0.25
                ],
                "ColIndex": 1,
                "Height": 33.875,
                "InlineAlign": "Start",
                "RowIndex": 0,
                "Width": 57.375
            }
        },
        {
            "Bounds": [
                363.1000061035156,
                430.0731964111328,
                386.6570281982422,
                439.5282440185547
            ],
            "ClipBounds": [
                363.1000061035156,
                430.0731964111328,
                386.6570281982422,
                439.5282440185547
            ],
            "Font": {
                "alt_family_name": "Arial",
                "embedded": true,
                "encoding": "WinAnsiEncoding",
                "family_name": "Arial",
                "font_type": "TrueType",
                "italic": false,
                "monospaced": false,
                "name": "DDSBBI+Arial-BoldMT",
                "subset": true,
                "weight": 700
            },
            "HasClip": true,
            "Lang": "en",
            "Page": 0,
            "Path": "//Document/Sect/Table[2]/TR/TD[2]/P",
            "Text": "QTY ",
            "TextSize": 10.080001831054688,
            "attributes": {
                "LineHeight": 12.125
            }
        },
        {
            "Bounds": [
                420.3800048828125,
                430.0731964111328,
                450.7712707519531,
                439.5282440185547
            ],
            "ClipBounds": [
                420.3800048828125,
                430.0731964111328,
                450.7712707519531,
                439.5282440185547
            ],
            "Page": 0,
            "Path": "//Document/Sect/Table[2]/TR/TD[3]",
            "attributes": {
                "BBox": [
                    415.18299999999,
                    413.8949999999895,
                    481.8999999999942,
                    447.73399999999674
                ],
                "BlockAlign": "Middle",
                "BorderColor": [
                    [
                        0,
                        0,
                        0
                    ],
                    [
                        0.6235349999999755,
                        0.6235349999999755,
                        0.6235349999999755
                    ],
                    [
                        0,
                        0,
                        0
                    ],
                    [
                        0,
                        0,
                        0
                    ]
                ],
                "BorderStyle": "Solid",
                "BorderThickness": [
                    0.625,
                    0.875,
                    0.25,
                    0.25
                ],
                "ColIndex": 2,
                "Height": 33.875,
                "InlineAlign": "Start",
                "RowIndex": 0,
                "Width": 66.75
            }
        },
        {
            "Bounds": [
                420.3800048828125,
                430.0731964111328,
                450.7712707519531,
                439.5282440185547
            ],
            "ClipBounds": [
                420.3800048828125,
                430.0731964111328,
                450.7712707519531,
                439.5282440185547
            ],
            "Font": {
                "alt_family_name": "Arial",
                "embedded": true,
                "encoding": "WinAnsiEncoding",
                "family_name": "Arial",
                "font_type": "TrueType",
                "italic": false,
                "monospaced": false,
                "name": "DDSBBI+Arial-BoldMT",
                "subset": true,
                "weight": 700
            },
            "HasClip": true,
            "Lang": "en",
            "Page": 0,
            "Path": "//Document/Sect/Table[2]/TR/TD[3]/P",
            "Text": "RATE ",
            "TextSize": 10.080001831054688,
            "attributes": {
                "LineHeight": 12.125
            }
        },
        {
            "Bounds": [
                483.4100036621094,
                430.0731964111328,
                530.1510314941406,
                439.5282440185547
            ],
            "ClipBounds": [
                483.4100036621094,
                430.0731964111328,
                530.1510314941406,
                439.5282440185547
            ],
            "Page": 0,
            "Path": "//Document/Sect/Table[2]/TR/TD[4]",
            "attributes": {
                "BBox": [
                    481.41999999999825,
                    413.8949999999895,
                    541.417999999976,
                    447.73399999999674
                ],
                "BlockAlign": "Middle",
                "BorderColor": [
                    [
                        0,
                        0,
                        0
                    ],
                    [
                        0.6235349999999755,
                        0.6235349999999755,
                        0.6235349999999755
                    ],
                    [
                        0,
                        0,
                        0
                    ],
                    [
                        0,
                        0,
                        0
                    ]
                ],
                "BorderStyle": "Solid",
                "BorderThickness": [
                    0.625,
                    0.875,
                    0.25,
                    0.5
                ],
                "ColIndex": 3,
                "Height": 33.875,
                "InlineAlign": "Start",
                "RowIndex": 0,
                "Width": 60
            }
        },
        {
            "Bounds": [
                483.4100036621094,
                430.0731964111328,
                530.1510314941406,
                439.5282440185547
            ],
            "ClipBounds": [
                483.4100036621094,
                430.0731964111328,
                530.1510314941406,
                439.5282440185547
            ],
            "Font": {
                "alt_family_name": "Arial",
                "embedded": true,
                "encoding": "WinAnsiEncoding",
                "family_name": "Arial",
                "font_type": "TrueType",
                "italic": false,
                "monospaced": false,
                "name": "DDSBBI+Arial-BoldMT",
                "subset": true,
                "weight": 700
            },
            "HasClip": true,
            "Lang": "en",
            "Page": 0,
            "Path": "//Document/Sect/Table[2]/TR/TD[4]/P",
            "Text": "AMOUNT ",
            "TextSize": 10.080001831054688,
            "attributes": {
                "LineHeight": 12.125
            }
        },
        {
            "Bounds": [
                77.447998046875,
                293.5632019042969,
                517.7280731201172,
                403.50823974609375
            ],
            "ClipBounds": [
                77.447998046875,
                293.5632019042969,
                517.7280731201172,
                403.50823974609375
            ],
            "Page": 0,
            "Path": "//Document/Sect/Table[3]",
            "attributes": {
                "BBox": [
                    71.5170999999973,
                    276.38099999999395,
                    540.9379999999946,
                    411.97499999999127
                ],
                "NumCol": 4,
                "NumRow": 4,
                "Placement": "Block",
                "SpaceAfter": 18
            }
        },
        {
            "Bounds": [
                77.447998046875,
                394.05320739746094,
                156.0518341064453,
                403.50823974609375
            ],
            "ClipBounds": [
                77.447998046875,
                394.05320739746094,
                156.0518341064453,
                403.50823974609375
            ],
            "Page": 0,
            "Path": "//Document/Sect/Table[3]/TR/TD",
            "attributes": {
                "BBox": [
                    71.5170999999973,
                    376.33699999999953,
                    358.0649999999878,
                    411.97499999999127
                ],
                "BlockAlign": "Before",
                "BorderColor": [
                    0,
                    0,
                    0
                ],
                "BorderStyle": "Solid",
                "BorderThickness": [
                    0.625,
                    0.25,
                    0.5,
                    0.25
                ],
                "ColIndex": 0,
                "Height": 35.625,
                "InlineAlign": "Start",
                "RowIndex": 0,
                "Width": 286.375
            }
        },
        {
            "Bounds": [
                77.447998046875,
                394.05320739746094,
                156.0518341064453,
                403.50823974609375
            ],
            "ClipBounds": [
                77.447998046875,
                394.05320739746094,
                156.0518341064453,
                403.50823974609375
            ],
            "Font": {
                "alt_family_name": "Arial",
                "embedded": true,
                "encoding": "WinAnsiEncoding",
                "family_name": "Arial MT",
                "font_type": "TrueType",
                "italic": false,
                "monospaced": false,
                "name": "NAQJLO+ArialMT",
                "subset": true,
                "weight": 400
            },
            "HasClip": true,
            "Lang": "en",
            "Page": 0,
            "Path": "//Document/Sect/Table[3]/TR/TD/P",
            "Text": "Sleek Metal Shirt ",
            "TextSize": 10.080001831054688,
            "attributes": {
                "LineHeight": 12.125
            }
        },
        {
            "Bounds": [
                363.82000732421875,
                394.05320739746094,
                378.3000030517578,
                403.50823974609375
            ],
            "ClipBounds": [
                363.82000732421875,
                394.05320739746094,
                378.3000030517578,
                403.50823974609375
            ],
            "Page": 0,
            "Path": "//Document/Sect/Table[3]/TR/TD[2]",
            "attributes": {
                "BBox": [
                    357.58499999999185,
                    376.33699999999953,
                    414.22299999999814,
                    411.97499999999127
                ],
                "BlockAlign": "Before",
                "BorderColor": [
                    0,
                    0,
                    0
                ],
                "BorderStyle": "Solid",
                "BorderThickness": [
                    0.625,
                    0.25,
                    0.25,
                    0.25
                ],
                "ColIndex": 1,
                "Height": 35.625,
                "InlineAlign": "Start",
                "RowIndex": 0,
                "Width": 56.625
            }
        },
        {
            "Bounds": [
                363.82000732421875,
                394.05320739746094,
                378.3000030517578,
                403.50823974609375
            ],
            "ClipBounds": [
                363.82000732421875,
                394.05320739746094,
                378.3000030517578,
                403.50823974609375
            ],
            "Font": {
                "alt_family_name": "Arial",
                "embedded": true,
                "encoding": "WinAnsiEncoding",
                "family_name": "Arial MT",
                "font_type": "TrueType",
                "italic": false,
                "monospaced": false,
                "name": "NAQJLO+ArialMT",
                "subset": true,
                "weight": 400
            },
            "HasClip": true,
            "Lang": "en",
            "Page": 0,
            "Path": "//Document/Sect/Table[3]/TR/TD[2]/P",
            "Text": "13 ",
            "TextSize": 10.080001831054688,
            "attributes": {
                "LineHeight": 12.125
            }
        },
        {
            "Bounds": [
                420.3800048828125,
                394.05320739746094,
                434.86000061035156,
                403.50823974609375
            ],
            "ClipBounds": [
                420.3800048828125,
                394.05320739746094,
                434.86000061035156,
                403.50823974609375
            ],
            "Page": 0,
            "Path": "//Document/Sect/Table[3]/TR/TD[3]",
            "attributes": {
                "BBox": [
                    413.74299999998766,
                    376.33699999999953,
                    481.8999999999942,
                    411.97499999999127
                ],
                "BlockAlign": "Before",
                "BorderColor": [
                    0,
                    0,
                    0
                ],
                "BorderStyle": "Solid",
                "BorderThickness": [
                    0.625,
                    0.25,
                    0.25,
                    0.25
                ],
                "ColIndex": 2,
                "Height": 35.625,
                "InlineAlign": "Start",
                "RowIndex": 0,
                "Width": 68.125
            }
        },
        {
            "Bounds": [
                420.3800048828125,
                394.05320739746094,
                434.86000061035156,
                403.50823974609375
            ],
            "ClipBounds": [
                420.3800048828125,
                394.05320739746094,
                434.86000061035156,
                403.50823974609375
            ],
            "Font": {
                "alt_family_name": "Arial",
                "embedded": true,
                "encoding": "WinAnsiEncoding",
                "family_name": "Arial MT",
                "font_type": "TrueType",
                "italic": false,
                "monospaced": false,
                "name": "NAQJLO+ArialMT",
                "subset": true,
                "weight": 400
            },
            "HasClip": true,
            "Lang": "en",
            "Page": 0,
            "Path": "//Document/Sect/Table[3]/TR/TD[3]/P",
            "Text": "61 ",
            "TextSize": 10.080001831054688,
            "attributes": {
                "LineHeight": 12.125
            }
        },
        {
            "Bounds": [
                487.00999450683594,
                394.05320739746094,
                512.3251953125,
                403.50823974609375
            ],
            "ClipBounds": [
                487.00999450683594,
                394.05320739746094,
                512.3251953125,
                403.50823974609375
            ],
            "Page": 0,
            "Path": "//Document/Sect/Table[3]/TR/TD[4]",
            "attributes": {
                "BBox": [
                    481.41999999999825,
                    376.33699999999953,
                    541.417999999976,
                    411.97499999999127
                ],
                "BlockAlign": "Before",
                "BorderColor": [
                    0,
                    0,
                    0
                ],
                "BorderStyle": "Solid",
                "BorderThickness": [
                    0.625,
                    0.25,
                    0.25,
                    0.5
                ],
                "ColIndex": 3,
                "Height": 35.625,
                "InlineAlign": "Start",
                "RowIndex": 0,
                "Width": 60
            }
        },
        {
            "Bounds": [
                487.00999450683594,
                394.05320739746094,
                512.3251953125,
                403.50823974609375
            ],
            "ClipBounds": [
                487.00999450683594,
                394.05320739746094,
                512.3251953125,
                403.50823974609375
            ],
            "Font": {
                "alt_family_name": "Arial",
                "embedded": true,
                "encoding": "WinAnsiEncoding",
                "family_name": "Arial MT",
                "font_type": "TrueType",
                "italic": false,
                "monospaced": false,
                "name": "NAQJLO+ArialMT",
                "subset": true,
                "weight": 400
            },
            "HasClip": true,
            "Lang": "en",
            "Page": 0,
            "Path": "//Document/Sect/Table[3]/TR/TD[4]/P",
            "Text": "$793 ",
            "TextSize": 10.080001831054688,
            "attributes": {
                "LineHeight": 12.125
            }
        },
        {
            "Bounds": [
                77.447998046875,
                360.5731964111328,
                185.5257568359375,
                370.0282440185547
            ],
            "ClipBounds": [
                77.447998046875,
                360.5731964111328,
                185.5257568359375,
                370.0282440185547
            ],
            "Page": 0,
            "Path": "//Document/Sect/Table[3]/TR[2]/TD",
            "attributes": {
                "BBox": [
                    71.5170999999973,
                    343.2179999999935,
                    358.0649999999878,
                    376.81699999999546
                ],
                "BlockAlign": "Before",
                "BorderColor": [
                    0,
                    0,
                    0
                ],
                "BorderStyle": "Solid",
                "BorderThickness": [
                    0.25,
                    0.25,
                    0.5,
                    0.25
                ],
                "ColIndex": 0,
                "Height": 33.625,
                "InlineAlign": "Start",
                "RowIndex": 1,
                "Width": 286.375
            }
        },
        {
            "Bounds": [
                77.447998046875,
                360.5731964111328,
                185.5257568359375,
                370.0282440185547
            ],
            "ClipBounds": [
                77.447998046875,
                360.5731964111328,
                185.5257568359375,
                370.0282440185547
            ],
            "Font": {
                "alt_family_name": "Arial",
                "embedded": true,
                "encoding": "WinAnsiEncoding",
                "family_name": "Arial MT",
                "font_type": "TrueType",
                "italic": false,
                "monospaced": false,
                "name": "NAQJLO+ArialMT",
                "subset": true,
                "weight": 400
            },
            "HasClip": true,
            "Lang": "en",
            "Page": 0,
            "Path": "//Document/Sect/Table[3]/TR[2]/TD/P",
            "Text": "Incredible Concrete Hat ",
            "TextSize": 10.080001831054688,
            "attributes": {
                "LineHeight": 12.125
            }
        },
        {
            "Bounds": [
                363.82000732421875,
                360.5731964111328,
                378.3000030517578,
                370.0282440185547
            ],
            "ClipBounds": [
                363.82000732421875,
                360.5731964111328,
                378.3000030517578,
                370.0282440185547
            ],
            "Page": 0,
            "Path": "//Document/Sect/Table[3]/TR[2]/TD[2]",
            "attributes": {
                "BBox": [
                    357.58499999999185,
                    343.2179999999935,
                    414.22299999999814,
                    376.81699999999546
                ],
                "BlockAlign": "Before",
                "BorderColor": [
                    0,
                    0,
                    0
                ],
                "BorderStyle": "Solid",
                "BorderThickness": 0.25,
                "ColIndex": 1,
                "Height": 33.625,
                "InlineAlign": "Start",
                "RowIndex": 1,
                "Width": 56.625
            }
        },
        {
            "Bounds": [
                363.82000732421875,
                360.5731964111328,
                378.3000030517578,
                370.0282440185547
            ],
            "ClipBounds": [
                363.82000732421875,
                360.5731964111328,
                378.3000030517578,
                370.0282440185547
            ],
            "Font": {
                "alt_family_name": "Arial",
                "embedded": true,
                "encoding": "WinAnsiEncoding",
                "family_name": "Arial MT",
                "font_type": "TrueType",
                "italic": false,
                "monospaced": false,
                "name": "NAQJLO+ArialMT",
                "subset": true,
                "weight": 400
            },
            "HasClip": true,
            "Lang": "en",
            "Page": 0,
            "Path": "//Document/Sect/Table[3]/TR[2]/TD[2]/P",
            "Text": "14 ",
            "TextSize": 10.080001831054688,
            "attributes": {
                "LineHeight": 12.125
            }
        },
        {
            "Bounds": [
                420.3800048828125,
                360.5731964111328,
                434.86000061035156,
                370.0282440185547
            ],
            "ClipBounds": [
                420.3800048828125,
                360.5731964111328,
                434.86000061035156,
                370.0282440185547
            ],
            "Page": 0,
            "Path": "//Document/Sect/Table[3]/TR[2]/TD[3]",
            "attributes": {
                "BBox": [
                    413.74299999998766,
                    343.2179999999935,
                    481.8999999999942,
                    376.81699999999546
                ],
                "BlockAlign": "Before",
                "BorderColor": [
                    0,
                    0,
                    0
                ],
                "BorderStyle": "Solid",
                "BorderThickness": 0.25,
                "ColIndex": 2,
                "Height": 33.625,
                "InlineAlign": "Start",
                "RowIndex": 1,
                "Width": 68.125
            }
        },
        {
            "Bounds": [
                420.3800048828125,
                360.5731964111328,
                434.86000061035156,
                370.0282440185547
            ],
            "ClipBounds": [
                420.3800048828125,
                360.5731964111328,
                434.86000061035156,
                370.0282440185547
            ],
            "Font": {
                "alt_family_name": "Arial",
                "embedded": true,
                "encoding": "WinAnsiEncoding",
                "family_name": "Arial MT",
                "font_type": "TrueType",
                "italic": false,
                "monospaced": false,
                "name": "NAQJLO+ArialMT",
                "subset": true,
                "weight": 400
            },
            "HasClip": true,
            "Lang": "en",
            "Page": 0,
            "Path": "//Document/Sect/Table[3]/TR[2]/TD[3]/P",
            "Text": "76 ",
            "TextSize": 10.080001831054688,
            "attributes": {
                "LineHeight": 12.125
            }
        },
        {
            "Bounds": [
                487.00999450683594,
                360.5731964111328,
                517.7280731201172,
                370.0282440185547
            ],
            "ClipBounds": [
                487.00999450683594,
                360.5731964111328,
                517.7280731201172,
                370.0282440185547
            ],
            "Page": 0,
            "Path": "//Document/Sect/Table[3]/TR[2]/TD[4]",
            "attributes": {
                "BBox": [
                    481.41999999999825,
                    343.2179999999935,
                    541.417999999976,
                    376.81699999999546
                ],
                "BlockAlign": "Before",
                "BorderColor": [
                    0,
                    0,
                    0
                ],
                "BorderStyle": "Solid",
                "BorderThickness": [
                    0.25,
                    0.25,
                    0.25,
                    0.5
                ],
                "ColIndex": 3,
                "Height": 33.625,
                "InlineAlign": "Start",
                "RowIndex": 1,
                "Width": 60
            }
        },
        {
            "Bounds": [
                487.00999450683594,
                360.5731964111328,
                517.7280731201172,
                370.0282440185547
            ],
            "ClipBounds": [
                487.00999450683594,
                360.5731964111328,
                517.7280731201172,
                370.0282440185547
            ],
            "Font": {
                "alt_family_name": "Arial",
                "embedded": true,
                "encoding": "WinAnsiEncoding",
                "family_name": "Arial MT",
                "font_type": "TrueType",
                "italic": false,
                "monospaced": false,
                "name": "NAQJLO+ArialMT",
                "subset": true,
                "weight": 400
            },
            "HasClip": true,
            "Lang": "en",
            "Page": 0,
            "Path": "//Document/Sect/Table[3]/TR[2]/TD[4]/P",
            "Text": "$1064 ",
            "TextSize": 10.080001831054688,
            "attributes": {
                "LineHeight": 12.125
            }
        },
        {
            "Bounds": [
                77.447998046875,
                327.0632019042969,
                199.4058380126953,
                336.5182342529297
            ],
            "ClipBounds": [
                77.447998046875,
                327.0632019042969,
                199.4058380126953,
                336.5182342529297
            ],
            "Page": 0,
            "Path": "//Document/Sect/Table[3]/TR[3]/TD",
            "attributes": {
                "BBox": [
                    71.5170999999973,
                    310.81999999999243,
                    358.0649999999878,
                    343.6979999999894
                ],
                "BlockAlign": "Before",
                "BorderColor": [
                    0,
                    0,
                    0
                ],
                "BorderStyle": "Solid",
                "BorderThickness": [
                    0.25,
                    0.25,
                    0.5,
                    0.25
                ],
                "ColIndex": 0,
                "Height": 32.875,
                "InlineAlign": "Start",
                "RowIndex": 2,
                "Width": 286.375
            }
        },
        {
            "Bounds": [
                77.447998046875,
                327.0632019042969,
                199.4058380126953,
                336.5182342529297
            ],
            "ClipBounds": [
                77.447998046875,
                327.0632019042969,
                199.4058380126953,
                336.5182342529297
            ],
            "Font": {
                "alt_family_name": "Arial",
                "embedded": true,
                "encoding": "WinAnsiEncoding",
                "family_name": "Arial MT",
                "font_type": "TrueType",
                "italic": false,
                "monospaced": false,
                "name": "NAQJLO+ArialMT",
                "subset": true,
                "weight": 400
            },
            "HasClip": true,
            "Lang": "en",
            "Page": 0,
            "Path": "//Document/Sect/Table[3]/TR[3]/TD/P",
            "Text": "Gorgeous Fresh Computer ",
            "TextSize": 10.080001831054688,
            "attributes": {
                "LineHeight": 12.125
            }
        },
        {
            "Bounds": [
                363.82000732421875,
                327.0632019042969,
                378.3000030517578,
                336.5182342529297
            ],
            "ClipBounds": [
                363.82000732421875,
                327.0632019042969,
                378.3000030517578,
                336.5182342529297
            ],
            "Page": 0,
            "Path": "//Document/Sect/Table[3]/TR[3]/TD[2]",
            "attributes": {
                "BBox": [
                    357.58499999999185,
                    310.81999999999243,
                    414.22299999999814,
                    343.6979999999894
                ],
                "BlockAlign": "Before",
                "BorderColor": [
                    0,
                    0,
                    0
                ],
                "BorderStyle": "Solid",
                "BorderThickness": 0.25,
                "ColIndex": 1,
                "Height": 32.875,
                "InlineAlign": "Start",
                "RowIndex": 2,
                "Width": 56.625
            }
        },
        {
            "Bounds": [
                363.82000732421875,
                327.0632019042969,
                378.3000030517578,
                336.5182342529297
            ],
            "ClipBounds": [
                363.82000732421875,
                327.0632019042969,
                378.3000030517578,
                336.5182342529297
            ],
            "Font": {
                "alt_family_name": "Arial",
                "embedded": true,
                "encoding": "WinAnsiEncoding",
                "family_name": "Arial MT",
                "font_type": "TrueType",
                "italic": false,
                "monospaced": false,
                "name": "NAQJLO+ArialMT",
                "subset": true,
                "weight": 400
            },
            "HasClip": true,
            "Lang": "en",
            "Page": 0,
            "Path": "//Document/Sect/Table[3]/TR[3]/TD[2]/P",
            "Text": "31 ",
            "TextSize": 10.080001831054688,
            "attributes": {
                "LineHeight": 12.125
            }
        },
        {
            "Bounds": [
                420.3800048828125,
                327.0632019042969,
                434.86000061035156,
                336.5182342529297
            ],
            "ClipBounds": [
                420.3800048828125,
                327.0632019042969,
                434.86000061035156,
                336.5182342529297
            ],
            "Page": 0,
            "Path": "//Document/Sect/Table[3]/TR[3]/TD[3]",
            "attributes": {
                "BBox": [
                    413.74299999998766,
                    310.81999999999243,
                    481.8999999999942,
                    343.6979999999894
                ],
                "BlockAlign": "Before",
                "BorderColor": [
                    0,
                    0,
                    0
                ],
                "BorderStyle": "Solid",
                "BorderThickness": 0.25,
                "ColIndex": 2,
                "Height": 32.875,
                "InlineAlign": "Start",
                "RowIndex": 2,
                "Width": 68.125
            }
        },
        {
            "Bounds": [
                420.3800048828125,
                327.0632019042969,
                434.86000061035156,
                336.5182342529297
            ],
            "ClipBounds": [
                420.3800048828125,
                327.0632019042969,
                434.86000061035156,
                336.5182342529297
            ],
            "Font": {
                "alt_family_name": "Arial",
                "embedded": true,
                "encoding": "WinAnsiEncoding",
                "family_name": "Arial MT",
                "font_type": "TrueType",
                "italic": false,
                "monospaced": false,
                "name": "NAQJLO+ArialMT",
                "subset": true,
                "weight": 400
            },
            "HasClip": true,
            "Lang": "en",
            "Page": 0,
            "Path": "//Document/Sect/Table[3]/TR[3]/TD[3]/P",
            "Text": "47 ",
            "TextSize": 10.080001831054688,
            "attributes": {
                "LineHeight": 12.125
            }
        },
        {
            "Bounds": [
                487.00999450683594,
                327.0632019042969,
                517.7280731201172,
                336.5182342529297
            ],
            "ClipBounds": [
                487.00999450683594,
                327.0632019042969,
                517.7280731201172,
                336.5182342529297
            ],
            "Page": 0,
            "Path": "//Document/Sect/Table[3]/TR[3]/TD[4]",
            "attributes": {
                "BBox": [
                    481.41999999999825,
                    310.81999999999243,
                    541.417999999976,
                    343.6979999999894
                ],
                "BlockAlign": "Before",
                "BorderColor": [
                    0,
                    0,
                    0
                ],
                "BorderStyle": "Solid",
                "BorderThickness": [
                    0.25,
                    0.25,
                    0.25,
                    0.5
                ],
                "ColIndex": 3,
                "Height": 32.875,
                "InlineAlign": "Start",
                "RowIndex": 2,
                "Width": 60
            }
        },
        {
            "Bounds": [
                487.00999450683594,
                327.0632019042969,
                517.7280731201172,
                336.5182342529297
            ],
            "ClipBounds": [
                487.00999450683594,
                327.0632019042969,
                517.7280731201172,
                336.5182342529297
            ],
            "Font": {
                "alt_family_name": "Arial",
                "embedded": true,
                "encoding": "WinAnsiEncoding",
                "family_name": "Arial MT",
                "font_type": "TrueType",
                "italic": false,
                "monospaced": false,
                "name": "NAQJLO+ArialMT",
                "subset": true,
                "weight": 400
            },
            "HasClip": true,
            "Lang": "en",
            "Page": 0,
            "Path": "//Document/Sect/Table[3]/TR[3]/TD[4]/P",
            "Text": "$1457 ",
            "TextSize": 10.080001831054688,
            "attributes": {
                "LineHeight": 12.125
            }
        },
        {
            "Bounds": [
                77.447998046875,
                293.5632019042969,
                215.99758911132812,
                303.0182342529297
            ],
            "ClipBounds": [
                77.447998046875,
                293.5632019042969,
                215.99758911132812,
                303.0182342529297
            ],
            "Page": 0,
            "Path": "//Document/Sect/Table[3]/TR[4]/TD",
            "attributes": {
                "BBox": [
                    71.5170999999973,
                    275.7809999999881,
                    358.0649999999878,
                    311.29999999998836
                ],
                "BlockAlign": "Middle",
                "BorderColor": [
                    0,
                    0,
                    0
                ],
                "BorderStyle": "Solid",
                "BorderThickness": [
                    0.25,
                    0.625,
                    0.5,
                    0.25
                ],
                "ColIndex": 0,
                "Height": 35.5,
                "InlineAlign": "Start",
                "RowIndex": 3,
                "Width": 286.375
            }
        },
        {
            "Bounds": [
                77.447998046875,
                293.5632019042969,
                215.99758911132812,
                303.0182342529297
            ],
            "ClipBounds": [
                77.447998046875,
                293.5632019042969,
                215.99758911132812,
                303.0182342529297
            ],
            "Font": {
                "alt_family_name": "Arial",
                "embedded": true,
                "encoding": "WinAnsiEncoding",
                "family_name": "Arial MT",
                "font_type": "TrueType",
                "italic": false,
                "monospaced": false,
                "name": "NAQJLO+ArialMT",
                "subset": true,
                "weight": 400
            },
            "HasClip": true,
            "Lang": "en",
            "Page": 0,
            "Path": "//Document/Sect/Table[3]/TR[4]/TD/P",
            "Text": "Handcrafted Granite Keyboard ",
            "TextSize": 10.080001831054688,
            "attributes": {
                "LineHeight": 12.125
            }
        },
        {
            "Bounds": [
                363.82000732421875,
                293.5632019042969,
                378.3000030517578,
                303.0182342529297
            ],
            "ClipBounds": [
                363.82000732421875,
                293.5632019042969,
                378.3000030517578,
                303.0182342529297
            ],
            "Page": 0,
            "Path": "//Document/Sect/Table[3]/TR[4]/TD[2]",
            "attributes": {
                "BBox": [
                    357.58499999999185,
                    275.7809999999881,
                    414.22299999999814,
                    311.29999999998836
                ],
                "BlockAlign": "Middle",
                "BorderColor": [
                    0,
                    0,
                    0
                ],
                "BorderStyle": "Solid",
                "BorderThickness": [
                    0.25,
                    0.625,
                    0.25,
                    0.25
                ],
                "ColIndex": 1,
                "Height": 35.5,
                "InlineAlign": "Start",
                "RowIndex": 3,
                "Width": 56.625
            }
        },
        {
            "Bounds": [
                363.82000732421875,
                293.5632019042969,
                378.3000030517578,
                303.0182342529297
            ],
            "ClipBounds": [
                363.82000732421875,
                293.5632019042969,
                378.3000030517578,
                303.0182342529297
            ],
            "Font": {
                "alt_family_name": "Arial",
                "embedded": true,
                "encoding": "WinAnsiEncoding",
                "family_name": "Arial MT",
                "font_type": "TrueType",
                "italic": false,
                "monospaced": false,
                "name": "NAQJLO+ArialMT",
                "subset": true,
                "weight": 400
            },
            "HasClip": true,
            "Lang": "en",
            "Page": 0,
            "Path": "//Document/Sect/Table[3]/TR[4]/TD[2]/P",
            "Text": "68 ",
            "TextSize": 10.080001831054688,
            "attributes": {
                "LineHeight": 12.125
            }
        },
        {
            "Bounds": [
                420.3800048828125,
                293.5632019042969,
                434.86000061035156,
                303.0182342529297
            ],
            "ClipBounds": [
                420.3800048828125,
                293.5632019042969,
                434.86000061035156,
                303.0182342529297
            ],
            "Page": 0,
            "Path": "//Document/Sect/Table[3]/TR[4]/TD[3]",
            "attributes": {
                "BBox": [
                    413.74299999998766,
                    275.7809999999881,
                    481.8999999999942,
                    311.29999999998836
                ],
                "BlockAlign": "Middle",
                "BorderColor": [
                    0,
                    0,
                    0
                ],
                "BorderStyle": "Solid",
                "BorderThickness": [
                    0.25,
                    0.625,
                    0.25,
                    0.25
                ],
                "ColIndex": 2,
                "Height": 35.5,
                "InlineAlign": "Start",
                "RowIndex": 3,
                "Width": 68.125
            }
        },
        {
            "Bounds": [
                420.3800048828125,
                293.5632019042969,
                434.86000061035156,
                303.0182342529297
            ],
            "ClipBounds": [
                420.3800048828125,
                293.5632019042969,
                434.86000061035156,
                303.0182342529297
            ],
            "Font": {
                "alt_family_name": "Arial",
                "embedded": true,
                "encoding": "WinAnsiEncoding",
                "family_name": "Arial MT",
                "font_type": "TrueType",
                "italic": false,
                "monospaced": false,
                "name": "NAQJLO+ArialMT",
                "subset": true,
                "weight": 400
            },
            "HasClip": true,
            "Lang": "en",
            "Page": 0,
            "Path": "//Document/Sect/Table[3]/TR[4]/TD[3]/P",
            "Text": "13 ",
            "TextSize": 10.080001831054688,
            "attributes": {
                "LineHeight": 12.125
            }
        },
        {
            "Bounds": [
                487.00999450683594,
                293.5632019042969,
                512.3251953125,
                303.0182342529297
            ],
            "ClipBounds": [
                487.00999450683594,
                293.5632019042969,
                512.3251953125,
                303.0182342529297
            ],
            "Page": 0,
            "Path": "//Document/Sect/Table[3]/TR[4]/TD[4]",
            "attributes": {
                "BBox": [
                    481.41999999999825,
                    275.7809999999881,
                    541.417999999976,
                    311.29999999998836
                ],
                "BlockAlign": "Middle",
                "BorderColor": [
                    0,
                    0,
                    0
                ],
                "BorderStyle": "Solid",
                "BorderThickness": [
                    0.25,
                    0.625,
                    0.25,
                    0.5
                ],
                "ColIndex": 3,
                "Height": 35.5,
                "InlineAlign": "Start",
                "RowIndex": 3,
                "Width": 60
            }
        },
        {
            "Bounds": [
                487.00999450683594,
                293.5632019042969,
                512.3251953125,
                303.0182342529297
            ],
            "ClipBounds": [
                487.00999450683594,
                293.5632019042969,
                512.3251953125,
                303.0182342529297
            ],
            "Font": {
                "alt_family_name": "Arial",
                "embedded": true,
                "encoding": "WinAnsiEncoding",
                "family_name": "Arial MT",
                "font_type": "TrueType",
                "italic": false,
                "monospaced": false,
                "name": "NAQJLO+ArialMT",
                "subset": true,
                "weight": 400
            },
            "HasClip": true,
            "Lang": "en",
            "Page": 0,
            "Path": "//Document/Sect/Table[3]/TR[4]/TD[4]/P",
            "Text": "$884 ",
            "TextSize": 10.080001831054688,
            "attributes": {
                "LineHeight": 12.125
            }
        },
        {
            "Bounds": [
                77.447998046875,
                180.1132049560547,
                516.6336822509766,
                223.0782470703125
            ],
            "ClipBounds": [
                77.447998046875,
                180.1132049560547,
                516.6336822509766,
                223.0782470703125
            ],
            "Page": 0,
            "Path": "//Document/Sect/Table[4]",
            "attributes": {
                "BBox": [
                    77.03689999999915,
                    182.18499999999767,
                    514.0589999999793,
                    221.42299999999523
                ],
                "NumCol": 2,
                "NumRow": 2,
                "Placement": "Block",
                "SpaceAfter": 18
            }
        },
        {
            "Bounds": [
                77.447998046875,
                213.62319946289062,
                120.4593505859375,
                223.0782470703125
            ],
            "ClipBounds": [
                77.447998046875,
                213.62319946289062,
                120.4593505859375,
                223.0782470703125
            ],
            "Page": 0,
            "Path": "//Document/Sect/Table[4]/TR/TD",
            "attributes": {
                "BBox": [
                    77.03689999999915,
                    196.58399999999529,
                    358.54499999999825,
                    221.42299999999523
                ],
                "BlockAlign": "Before",
                "ColIndex": 0,
                "Height": 24.875,
                "InlineAlign": "Start",
                "RowIndex": 0,
                "Width": 281.5
            }
        },
        {
            "Bounds": [
                77.447998046875,
                213.62319946289062,
                120.4593505859375,
                223.0782470703125
            ],
            "ClipBounds": [
                77.447998046875,
                213.62319946289062,
                120.4593505859375,
                223.0782470703125
            ],
            "Font": {
                "alt_family_name": "Arial",
                "embedded": true,
                "encoding": "WinAnsiEncoding",
                "family_name": "Arial",
                "font_type": "TrueType",
                "italic": false,
                "monospaced": false,
                "name": "DDSBBI+Arial-BoldMT",
                "subset": true,
                "weight": 700
            },
            "HasClip": true,
            "Lang": "en",
            "Page": 0,
            "Path": "//Document/Sect/Table[4]/TR/TD/P",
            "Text": "Subtotal ",
            "TextSize": 10.080001831054688,
            "attributes": {
                "LineHeight": 12.125
            }
        },
        {
            "Bounds": [
                485.92999267578125,
                213.62319946289062,
                516.6336822509766,
                223.0782470703125
            ],
            "ClipBounds": [
                485.92999267578125,
                213.62319946289062,
                516.6336822509766,
                223.0782470703125
            ],
            "Page": 0,
            "Path": "//Document/Sect/Table[4]/TR/TD[2]",
            "attributes": {
                "BBox": [
                    358.54499999999825,
                    196.58399999999529,
                    514.0589999999793,
                    221.42299999999523
                ],
                "BlockAlign": "Before",
                "ColIndex": 1,
                "Height": 24.875,
                "InlineAlign": "End",
                "RowIndex": 0,
                "Width": 155.5
            }
        },
        {
            "Bounds": [
                485.92999267578125,
                213.62319946289062,
                516.6336822509766,
                223.0782470703125
            ],
            "ClipBounds": [
                485.92999267578125,
                213.62319946289062,
                516.6336822509766,
                223.0782470703125
            ],
            "Font": {
                "alt_family_name": "Arial",
                "embedded": true,
                "encoding": "WinAnsiEncoding",
                "family_name": "Arial MT",
                "font_type": "TrueType",
                "italic": false,
                "monospaced": false,
                "name": "NAQJLO+ArialMT",
                "subset": true,
                "weight": 400
            },
            "HasClip": true,
            "Lang": "en",
            "Page": 0,
            "Path": "//Document/Sect/Table[4]/TR/TD[2]/P",
            "Text": "$4198 ",
            "TextSize": 10.080001831054688,
            "attributes": {
                "LineHeight": 12.125
            }
        },
        {
            "Bounds": [
                77.447998046875,
                180.1132049560547,
                109.73143005371094,
                189.5682373046875
            ],
            "ClipBounds": [
                77.447998046875,
                180.1132049560547,
                109.73143005371094,
                189.5682373046875
            ],
            "Page": 0,
            "Path": "//Document/Sect/Table[4]/TR[2]/TD",
            "attributes": {
                "BBox": [
                    77.03689999999915,
                    182.18499999999767,
                    358.54499999999825,
                    196.58399999999529
                ],
                "BlockAlign": "After",
                "ColIndex": 0,
                "Height": 14.375,
                "InlineAlign": "Start",
                "RowIndex": 1,
                "Width": 281.5
            }
        },
        {
            "Bounds": [
                77.447998046875,
                180.1132049560547,
                109.73143005371094,
                189.5682373046875
            ],
            "ClipBounds": [
                77.447998046875,
                180.1132049560547,
                109.73143005371094,
                189.5682373046875
            ],
            "Font": {
                "alt_family_name": "Arial",
                "embedded": true,
                "encoding": "WinAnsiEncoding",
                "family_name": "Arial",
                "font_type": "TrueType",
                "italic": false,
                "monospaced": false,
                "name": "DDSBBI+Arial-BoldMT",
                "subset": true,
                "weight": 700
            },
            "HasClip": true,
            "Lang": "en",
            "Page": 0,
            "Path": "//Document/Sect/Table[4]/TR[2]/TD/P",
            "Text": "Tax % ",
            "TextSize": 10.080001831054688,
            "attributes": {
                "LineHeight": 12.125
            }
        },
        {
            "Bounds": [
                485.92999267578125,
                180.1132049560547,
                500.4100036621094,
                189.5682373046875
            ],
            "ClipBounds": [
                485.92999267578125,
                180.1132049560547,
                500.4100036621094,
                189.5682373046875
            ],
            "Page": 0,
            "Path": "//Document/Sect/Table[4]/TR[2]/TD[2]",
            "attributes": {
                "BBox": [
                    358.54499999999825,
                    182.18499999999767,
                    514.0589999999793,
                    196.58399999999529
                ],
                "BlockAlign": "After",
                "ColIndex": 1,
                "Height": 14.375,
                "InlineAlign": "End",
                "RowIndex": 1,
                "Width": 155.5
            }
        },
        {
            "Bounds": [
                485.92999267578125,
                180.1132049560547,
                500.4100036621094,
                189.5682373046875
            ],
            "ClipBounds": [
                485.92999267578125,
                180.1132049560547,
                500.4100036621094,
                189.5682373046875
            ],
            "Font": {
                "alt_family_name": "Arial",
                "embedded": true,
                "encoding": "WinAnsiEncoding",
                "family_name": "Arial MT",
                "font_type": "TrueType",
                "italic": false,
                "monospaced": false,
                "name": "NAQJLO+ArialMT",
                "subset": true,
                "weight": 400
            },
            "HasClip": true,
            "Lang": "en",
            "Page": 0,
            "Path": "//Document/Sect/Table[4]/TR[2]/TD[2]/P",
            "Text": "10 ",
            "TextSize": 10.080001831054688,
            "attributes": {
                "LineHeight": 12.125
            }
        },
        {
            "Bounds": [
                77.447998046875,
                82.5072021484375,
                126.14447021484375,
                91.96223449707031
            ],
            "ClipBounds": [
                77.447998046875,
                82.5072021484375,
                126.14447021484375,
                91.96223449707031
            ],
            "Font": {
                "alt_family_name": "Arial",
                "embedded": true,
                "encoding": "WinAnsiEncoding",
                "family_name": "Arial",
                "font_type": "TrueType",
                "italic": false,
                "monospaced": false,
                "name": "DDSBBI+Arial-BoldMT",
                "subset": true,
                "weight": 700
            },
            "HasClip": true,
            "Lang": "en",
            "Page": 0,
            "Path": "//Document/Sect/P[7]",
            "Text": "Total Due ",
            "TextSize": 10.080001831054688,
            "attributes": {
                "SpaceAfter": 8.625
            }
        },
        {
            "Bounds": [
                485.92999267578125,
                80.57400512695312,
                521.1019897460938,
                89.01600646972656
            ],
            "ClipBounds": [
                485.92999267578125,
                80.57400512695312,
                521.1019897460938,
                89.01600646972656
            ],
            "Font": {
                "alt_family_name": "Arial",
                "embedded": true,
                "encoding": "WinAnsiEncoding",
                "family_name": "Arial MT",
                "font_type": "TrueType",
                "italic": false,
                "monospaced": false,
                "name": "NAQJLO+ArialMT",
                "subset": true,
                "weight": 400
            },
            "HasClip": true,
            "Lang": "en",
            "Page": 0,
            "Path": "//Document/Sect/P[8]",
            "Text": "$4617.8 ",
            "TextSize": 9,
            "attributes": {
                "LineHeight": 10.75
            }
        }
    ],
    "pages": [
        {
            "boxes": {
                "CropBox": [
                    0,
                    0,
                    612,
                    792
                ],
                "MediaBox": [
                    0,
                    0,
                    612,
                    792
                ]
            },
            "height": 792,
            "is_scanned": false,
            "page_number": 0,
            "rotation": 0,
            "width": 612
        }
    ]
}